id,posicao,idade,liga,altura,jogos,minutos,gols,assistencias,finalizacoes,passes_certos_pct,dribles_certos,desarmes,interceptacoes,duelos_ganhos_pct,velocidade,indice_popularidade,valor_mercado_milhoes
1,ZAG,23,C,1.79,17,1526,0,2,7,97.0,1.6,3.9,2.8,54.3,74,47,2.3
2,LAT,21,B,1.76,32,2191,2,6,12,96.7,1.6,2.6,1.0,50.3,74,52,1.4
3,MEI,28,B,1.73,39,3474,9,13,34,75.0,2.2,1.4,1.6,49.2,71,89,5.3
4,LAT,20,A,1.8,34,2736,3,11,19,95.8,1.7,0.9,2.0,48.4,81,52,2.4
5,ATA,18,B,1.76,28,2215,20,7,121,82.7,2.2,0.9,0.7,59.1,88,52,1.8
6,ZAG,18,B,1.84,36,2503,3,3,25,86.0,0.0,3.5,2.8,68.6,86,41,2.1
7,VOL,25,A,1.8,30,2271,4,1,32,72.2,2.8,4.0,3.8,54.7,80,78,3.9
8,ATA,24,B,1.86,21,1256,8,9,34,81.3,2.0,2.4,3.0,55.3,92,45,3.0
9,ZAG,28,B,1.94,20,1180,2,0,10,82.1,1.3,2.7,2.4,49.1,71,33,0.3
10,LAT,24,A,1.89,21,1284,4,3,32,71.2,1.6,0.9,2.1,38.2,84,61,0.2
11,LAT,23,A,1.66,35,2826,1,11,3,74.9,0.4,1.3,1.1,65.8,89,52,1.5
12,ZAG,27,B,1.96,33,1654,2,3,15,86.9,0.0,3.9,2.7,44.5,80,49,1.1
13,ATA,25,B,1.82,45,3119,18,7,130,74.7,2.7,2.9,1.1,42.5,75,95,3.4
14,VOL,23,B,1.71,20,1526,1,4,0,80.2,1.6,2.9,2.7,67.5,65,57,1.2
15,ATA,30,A,1.82,25,2208,14,1,60,76.2,3.6,2.7,0.1,57.9,88,73,2.6
16,VOL,20,B,1.67,24,1111,1,3,2,81.6,0.4,4.2,1.4,62.3,91,65,1.8
17,ZAG,26,B,1.83,42,2932,0,2,0,83.3,1.8,2.9,1.3,49.8,87,56,1.6
18,ZAG,27,A,1.7,25,1944,0,2,0,79.4,2.2,2.5,3.5,37.1,76,42,2.2
19,ATA,28,C,1.78,34,2818,19,5,89,85.5,3.5,2.2,2.2,59.5,91,85,4.8
20,ZAG,26,A,1.76,24,1172,3,1,16,71.2,1.1,2.4,2.2,42.6,81,27,0.2
21,GOL,24,A,1.89,19,1390,0,0,6,89.8,0.3,0.8,1.1,68.5,63,11,0.2
22,MEI,32,B,1.86,37,3064,11,9,60,85.3,2.2,2.0,0.0,57.9,76,34,0.8
23,LAT,22,B,1.88,37,1714,1,17,1,87.5,0.0,2.9,1.3,55.1,69,58,2.5
24,VOL,24,C,1.88,45,4012,1,3,7,77.5,1.1,5.1,2.1,55.8,99,57,1.6
25,ZAG,25,A,1.88,25,1390,1,1,5,85.3,1.5,2.5,3.1,32.7,71,45,0.2
26,VOL,25,C,1.89,25,1792,2,1,13,82.3,2.2,4.1,4.5,52.4,81,63,2.5
27,ZAG,26,B,1.75,42,2238,5,3,25,89.6,2.1,3.8,3.4,52.2,81,55,2.0
28,MEI,27,C,1.83,46,2536,6,18,25,80.7,4.9,2.3,0.7,50.3,65,42,2.0
29,GOL,28,B,1.71,12,818,0,0,4,66.3,0.8,0.7,0.7,54.0,76,31,0.2
30,VOL,26,A,1.73,31,2380,2,3,8,67.1,2.1,4.3,3.0,53.7,87,58,4.1
31,VOL,26,C,1.65,22,1512,4,3,24,82.6,2.8,3.5,1.9,47.4,86,38,1.3
32,VOL,21,A,1.72,13,1008,0,2,0,78.0,1.2,3.4,2.6,48.5,78,43,1.9
33,MEI,27,A,1.9,24,2149,5,7,18,72.7,0.9,0.0,2.0,47.1,77,38,1.1
34,LAT,27,A,1.76,29,1353,1,9,6,82.3,0.5,1.3,3.5,45.7,80,53,1.5
35,MEI,28,B,1.76,29,1540,9,13,52,75.9,4.1,1.7,2.6,54.0,98,99,7.4
36,MEI,24,A,1.81,23,1635,4,10,10,77.3,1.4,0.1,1.5,46.9,82,50,2.5
37,ATA,17,C,1.89,27,1358,15,7,50,80.3,2.7,1.8,0.7,46.7,56,10,0.3
38,VOL,35,C,1.8,29,2052,3,9,19,97.0,2.2,4.9,2.1,44.6,79,38,1.0
39,ATA,26,A,1.78,29,1924,13,4,84,68.0,1.5,0.0,0.0,40.9,83,46,1.1
40,ATA,27,A,1.74,40,2862,22,8,92,73.4,3.6,2.7,3.0,40.9,73,100,8.2
41,VOL,16,B,1.79,36,2486,5,6,24,74.8,1.2,3.2,2.9,36.5,79,41,0.3
42,GOL,30,C,1.69,38,3298,0,0,6,81.8,2.1,2.3,1.6,65.6,80,34,0.8
43,MEI,23,A,1.8,23,1583,10,3,39,76.7,1.7,2.3,2.4,41.7,79,56,1.4
44,LAT,24,C,1.63,37,2598,1,8,5,81.8,0.8,1.1,3.6,58.8,94,29,1.1
45,MEI,21,A,1.75,28,1931,7,13,30,69.0,0.8,1.7,2.6,54.2,66,44,2.5
46,VOL,28,B,1.79,22,1209,4,0,16,72.7,0.8,3.4,2.4,56.1,69,0,0.2
47,GOL,22,C,1.92,27,1699,0,0,0,75.4,1.8,1.7,1.0,45.3,74,29,0.2
48,GOL,30,A,1.8,16,1414,0,0,0,71.5,1.4,1.2,1.0,47.6,78,38,0.2
49,ZAG,28,A,1.88,45,2422,5,2,31,83.2,0.1,4.7,1.8,60.0,83,68,3.1
50,GOL,30,B,1.88,32,2534,0,0,0,83.1,1.7,3.8,0.6,57.8,71,39,0.2
51,GOL,17,A,1.87,15,1302,0,0,6,71.1,0.3,1.0,0.8,68.3,89,11,0.2
52,VOL,28,A,1.69,21,987,2,5,18,77.0,1.4,3.6,3.4,39.1,77,51,1.9
53,VOL,21,C,1.86,29,2450,3,5,10,81.4,2.9,1.1,1.6,49.8,85,28,0.3
54,LAT,16,B,1.79,22,1096,5,4,25,81.1,0.1,2.4,0.8,47.8,78,26,0.2
55,ZAG,28,A,1.78,29,2192,4,2,21,91.5,1.1,5.2,1.5,56.0,80,68,4.2
56,GOL,27,A,1.85,22,1936,0,0,5,78.5,0.9,1.8,0.0,41.9,54,45,0.2
57,ATA,24,C,1.79,44,3408,23,5,64,85.0,3.0,2.6,0.3,49.6,87,65,2.4
58,VOL,24,A,1.68,28,2164,2,4,13,80.2,0.1,2.9,2.1,46.4,87,53,1.6
59,ATA,21,C,1.81,34,2449,19,6,83,78.0,1.7,2.2,0.9,40.3,71,36,1.3
60,MEI,28,B,1.81,25,1157,8,7,32,77.1,1.1,1.2,2.0,35.5,68,32,0.4
61,LAT,28,A,1.82,45,2703,4,10,22,84.6,0.1,2.3,1.4,45.9,92,69,3.2
62,GOL,27,C,1.86,17,1512,0,0,2,79.3,2.3,0.8,1.9,54.7,62,15,0.2
63,LAT,25,A,1.9,30,2001,5,6,27,80.2,0.5,0.8,1.7,31.1,70,36,0.2
64,ATA,25,A,1.75,27,1635,17,6,119,72.3,2.2,2.4,1.3,47.8,78,100,7.9
65,ATA,30,A,1.86,19,1416,9,7,56,75.6,2.1,3.2,2.2,49.5,88,65,3.1
66,VOL,20,B,1.87,25,2151,2,4,2,79.8,1.4,3.6,2.7,45.9,70,34,0.9
67,ZAG,22,A,1.84,38,2265,0,4,0,85.5,0.4,1.9,1.4,45.6,97,52,1.6
68,VOL,23,A,1.88,39,1862,9,8,51,78.3,2.2,4.8,2.8,51.9,72,95,8.1
69,MEI,25,B,1.75,37,2453,7,12,44,79.5,2.3,3.9,1.9,61.3,84,57,3.7
70,VOL,26,A,1.76,22,1489,3,1,14,90.5,0.5,3.5,2.4,58.4,79,72,5.6
71,VOL,18,A,1.79,30,1431,2,6,14,73.1,0.0,3.7,2.4,62.9,93,48,2.7
72,LAT,26,A,1.81,16,1012,1,2,3,81.2,0.0,2.5,2.0,50.9,85,45,0.4
73,ZAG,24,A,1.94,12,565,0,0,6,92.8,0.7,4.1,3.2,50.2,75,47,1.8
74,LAT,23,A,1.92,35,2301,5,5,36,73.1,0.8,1.6,1.3,70.8,82,43,1.5
75,VOL,25,B,1.66,37,2522,9,4,47,74.2,1.7,3.4,1.6,46.8,86,35,0.7
76,ZAG,25,A,1.82,32,1762,2,1,12,84.1,1.5,1.7,1.7,53.3,79,27,0.2
77,ATA,21,B,1.81,20,1239,11,3,56,65.9,3.0,0.4,1.6,64.2,83,30,0.8
78,ATA,20,A,1.8,29,2323,12,6,50,64.9,4.5,1.2,1.6,62.1,83,65,4.3
79,ZAG,32,C,1.97,25,1341,0,0,0,87.4,1.8,3.3,1.9,62.4,83,54,0.2
80,ZAG,29,A,1.82,12,942,1,0,12,68.0,2.7,2.9,2.0,40.1,77,35,0.2
81,LAT,30,B,1.76,9,787,0,3,0,81.4,2.3,0.3,0.5,53.1,78,19,0.2
82,VOL,19,A,1.79,29,1591,2,5,10,94.6,0.7,4.2,3.8,59.6,76,34,1.8
83,ZAG,29,A,1.75,26,1435,3,3,21,93.7,2.7,2.3,3.3,57.2,73,63,3.5
84,LAT,21,C,1.73,32,1698,1,10,10,75.1,0.9,1.6,2.0,47.5,90,60,0.7
85,MEI,27,A,1.85,18,1497,6,9,29,82.9,3.2,2.0,0.3,44.2,64,51,1.9
86,MEI,27,A,1.8,19,1365,6,6,28,69.3,1.4,2.2,1.3,50.5,77,49,0.9
87,ATA,27,B,1.78,39,2791,19,11,65,74.1,2.6,0.0,1.9,40.6,80,91,9.0
88,MEI,28,A,1.65,34,2484,8,11,35,86.2,2.3,2.8,2.5,50.4,80,78,5.9
89,VOL,27,A,1.9,3,171,1,0,12,79.3,2.0,2.2,2.9,57.7,70,32,0.7
90,ATA,19,B,1.72,20,1575,9,5,44,75.6,2.8,2.0,0.4,47.9,71,59,0.4
91,MEI,27,A,1.73,28,2236,5,4,14,79.5,1.5,1.2,1.7,43.1,95,41,2.1
92,VOL,27,A,1.87,29,2168,4,6,18,74.2,0.9,2.8,1.9,61.1,69,46,1.3
93,GOL,24,C,1.76,27,1479,0,0,1,68.1,0.9,4.1,1.7,36.9,51,20,0.2
94,ATA,21,A,2.02,33,1639,18,7,99,83.9,3.6,2.9,1.0,51.0,82,100,5.8
95,VOL,26,A,1.85,30,1537,4,5,34,75.6,2.5,3.1,0.8,37.0,84,72,2.9
96,MEI,20,A,1.74,30,1389,7,7,33,83.3,2.6,2.8,1.5,60.3,70,47,0.9
97,LAT,25,A,1.66,39,3000,1,4,2,75.2,0.1,0.8,0.7,58.4,77,6,0.2
98,VOL,27,A,1.84,22,1393,3,3,4,83.3,1.4,3.1,1.7,48.5,93,74,3.2
99,ZAG,28,B,1.87,29,2325,3,2,20,85.6,2.0,2.7,3.5,63.9,94,50,2.4
100,VOL,30,C,1.77,23,1346,3,1,25,70.5,2.7,3.8,3.5,56.5,81,47,1.1
101,MEI,23,A,1.81,26,1550,10,4,34,82.7,1.6,0.6,0.2,59.2,78,40,2.0
102,VOL,28,C,1.79,26,2148,3,8,12,90.2,0.0,4.6,2.0,57.3,75,41,1.1
103,GOL,22,C,1.83,40,3407,0,0,0,81.1,0.7,3.2,2.1,49.8,71,36,0.2
104,LAT,31,C,1.79,33,2327,4,7,13,75.4,0.0,1.5,1.4,44.1,88,25,0.2
105,ZAG,28,A,1.86,21,1069,1,2,0,71.8,1.6,3.3,4.4,49.0,87,50,4.1
106,MEI,21,A,1.79,32,2614,8,12,53,77.3,2.5,2.8,1.3,50.6,85,48,0.9
107,ATA,21,A,1.86,4,195,0,0,8,75.2,2.8,1.9,0.7,51.5,88,16,0.2
108,ZAG,20,A,1.8,32,2031,4,1,12,91.1,0.8,3.5,1.7,54.1,70,48,1.6
109,LAT,23,B,1.94,34,2544,2,9,7,80.3,3.3,1.0,0.7,46.8,80,55,1.5
110,ATA,26,B,1.75,22,1045,10,3,37,71.6,3.8,1.1,0.9,53.9,98,84,5.6
111,MEI,26,A,1.72,25,1554,4,3,27,77.8,4.3,0.0,1.4,48.9,76,46,2.5
112,VOL,28,A,1.62,34,2550,0,7,0,84.4,3.0,4.4,2.3,52.2,72,66,5.1
113,LAT,30,B,1.84,44,3416,6,12,26,76.5,1.1,2.5,1.0,56.1,80,63,2.8
114,LAT,33,C,1.87,40,2554,6,8,32,73.1,1.7,1.7,1.2,50.2,88,25,0.3
115,ZAG,27,A,1.82,32,2404,5,1,37,82.9,0.0,3.5,2.1,57.8,74,50,1.3
116,ATA,28,B,1.75,25,1246,11,5,48,67.6,3.3,1.9,1.7,58.5,80,45,0.7
117,LAT,20,B,1.71,24,1505,2,9,8,77.0,0.4,1.5,1.9,65.0,79,19,0.5
118,VOL,16,A,1.81,28,1476,6,7,21,77.5,2.0,1.8,2.7,59.7,72,48,0.6
119,VOL,27,A,1.8,34,1759,6,0,24,85.8,1.3,3.2,2.8,38.2,73,34,1.4
120,VOL,21,A,1.81,42,2748,2,5,14,86.3,0.0,3.2,2.9,39.6,84,48,3.0
121,VOL,23,A,1.78,28,1292,3,4,12,85.2,1.2,4.0,2.2,43.8,79,89,5.1
122,VOL,27,A,1.78,30,1700,3,7,14,84.0,2.1,4.0,2.0,48.3,69,100,12.0
123,MEI,29,A,1.83,24,1614,4,11,28,74.7,1.4,2.3,0.0,47.5,71,43,0.2
124,ATA,18,B,1.73,31,1419,19,3,76,74.6,1.5,2.0,2.2,61.9,82,44,0.8
125,ATA,32,B,1.88,41,2956,23,11,65,78.8,2.6,2.2,1.2,58.8,89,65,5.2
126,ATA,25,A,1.78,21,1043,11,4,52,73.6,4.5,1.7,2.5,55.9,79,100,9.8
127,MEI,23,C,1.8,21,1340,5,8,29,72.1,0.6,2.2,1.7,48.1,79,41,0.4
128,LAT,29,A,1.86,26,2051,5,7,16,76.7,0.0,1.8,1.2,48.2,86,15,0.2
129,ZAG,29,B,1.91,43,2185,2,3,13,81.3,0.5,3.8,2.6,56.8,78,50,3.0
130,ATA,25,B,1.82,40,2811,24,6,140,69.8,1.7,0.9,0.3,49.8,80,61,2.4
131,LAT,27,B,1.78,27,2143,3,6,21,71.3,2.0,3.2,0.8,67.0,75,56,2.3
132,ZAG,21,A,1.77,24,1095,1,0,6,84.2,1.1,3.0,2.4,52.2,74,44,1.0
133,ATA,25,B,1.73,7,346,4,1,17,78.7,1.4,1.0,1.6,51.1,88,28,0.3
134,LAT,25,A,1.8,31,2304,1,9,5,66.9,1.6,1.1,1.4,57.2,82,51,1.0
135,LAT,29,B,1.87,33,2731,4,2,21,90.0,0.0,2.4,1.7,41.2,94,38,0.6
136,VOL,23,A,1.87,19,1450,3,3,13,71.9,1.1,4.5,2.6,40.4,81,44,2.0
137,MEI,23,A,1.76,30,1553,11,12,70,80.6,2.2,2.0,1.1,65.0,85,47,3.6
138,VOL,16,A,1.73,27,2120,4,1,21,77.2,1.0,4.2,2.5,52.0,78,23,0.5
139,ZAG,31,B,1.7,11,851,2,1,18,74.0,2.0,1.9,1.6,47.2,71,33,0.2
140,LAT,20,A,1.78,8,577,0,3,2,85.0,1.9,2.1,2.0,46.2,82,32,1.7
141,MEI,23,B,1.76,28,2058,5,12,25,81.8,2.7,1.7,2.3,56.4,93,73,3.0
142,ZAG,27,B,1.83,36,2188,3,2,26,80.6,2.4,4.0,4.0,41.1,82,58,4.2
143,ZAG,25,A,1.85,24,1947,3,2,11,89.0,2.1,3.1,3.2,56.9,92,100,10.5
144,VOL,32,B,1.78,32,2220,4,7,15,74.0,0.0,2.2,3.3,46.5,81,44,0.3
145,ATA,31,A,1.65,26,1216,17,3,111,78.8,1.2,1.3,1.2,66.6,81,88,5.6
146,ATA,16,A,1.87,36,2131,15,5,87,78.0,3.3,1.8,1.4,48.7,82,38,0.6
147,VOL,25,A,1.8,36,2819,8,4,40,89.4,2.0,4.7,2.0,44.3,73,100,12.0
148,ZAG,24,B,1.74,30,1431,2,1,8,88.9,1.8,3.0,2.5,55.7,73,53,1.5
149,LAT,19,A,1.77,24,1272,2,5,14,88.1,0.0,2.8,2.0,53.0,89,43,0.9
150,VOL,22,C,1.8,24,2049,2,6,7,90.2,1.3,2.3,2.9,56.2,78,16,0.5
151,MEI,23,C,1.81,27,1786,7,13,39,79.0,2.4,1.2,1.6,45.6,75,60,2.6
152,MEI,27,A,1.71,27,1610,11,11,73,80.1,2.1,2.7,1.4,58.4,80,57,3.5
153,MEI,29,C,1.83,29,1920,11,17,68,75.4,1.4,2.7,0.7,50.1,80,40,1.8
154,MEI,27,C,1.83,25,1777,7,6,47,77.9,2.7,2.8,2.3,47.8,76,46,2.3
155,ATA,28,C,1.8,27,1634,15,8,72,66.8,1.6,2.3,1.5,42.0,76,54,0.9
156,ZAG,33,A,1.83,45,3407,4,4,29,83.6,2.6,3.8,0.1,65.9,58,48,1.3
157,GOL,21,A,1.83,27,1854,0,0,4,88.8,1.3,2.4,2.9,61.0,74,36,1.1
158,LAT,24,C,1.84,21,1853,3,2,15,75.0,0.5,3.0,0.5,62.8,76,43,0.2
159,ZAG,25,A,1.89,15,802,1,1,12,86.4,2.5,2.1,3.5,44.0,71,39,0.8
160,MEI,25,B,1.8,45,2801,15,17,88,77.0,3.0,2.4,1.8,51.1,77,62,3.6
161,VOL,27,C,1.78,40,2845,1,8,7,80.6,0.0,4.6,2.9,45.9,86,49,2.7
162,MEI,27,A,1.77,5,378,1,2,8,73.1,1.4,3.7,2.2,41.0,76,29,0.2
163,ATA,31,A,1.79,31,1624,9,4,53,73.9,2.1,1.9,1.0,50.4,72,24,0.8
164,VOL,21,B,1.82,38,2421,7,5,29,76.3,0.0,3.2,3.3,60.8,70,48,0.9
165,LAT,27,B,1.85,30,1955,3,8,11,88.5,1.4,1.6,0.9,57.6,86,58,3.0
166,LAT,29,B,1.77,34,1824,1,10,12,80.0,2.3,1.7,1.4,45.8,71,31,0.4
167,ZAG,22,A,1.78,42,3768,3,1,17,93.2,1.1,1.8,2.7,46.4,86,90,4.5
168,VOL,30,A,1.78,20,1631,1,2,9,70.6,1.0,4.4,3.1,38.8,77,54,3.0
169,ZAG,22,B,1.8,42,2101,3,2,5,77.9,2.0,3.8,3.0,41.7,73,30,1.4
170,ATA,24,B,1.87,19,1328,11,3,56,74.3,2.1,2.5,2.0,64.0,78,68,4.5
171,LAT,22,B,1.85,36,3238,2,8,16,78.1,0.9,0.0,1.1,51.5,82,28,0.2
172,ATA,27,C,1.78,38,2766,17,7,102,78.0,0.3,3.7,1.9,42.2,85,35,0.6
173,MEI,31,B,1.78,26,1400,5,12,26,85.7,2.2,1.1,0.9,51.5,82,41,1.0
174,ZAG,22,A,1.89,20,1120,2,1,8,76.6,0.5,2.9,0.0,49.3,83,38,0.2
175,VOL,32,A,1.86,35,3124,3,8,6,77.8,0.0,3.0,2.8,61.3,65,44,1.7
176,ATA,22,A,1.77,28,1993,15,4,85,89.7,1.9,0.5,1.1,58.3,91,95,5.7
177,MEI,24,C,2.0,34,1572,14,12,61,68.2,2.1,0.0,2.6,30.5,86,72,3.6
178,VOL,28,B,1.82,32,2317,5,9,36,81.1,2.5,5.2,2.4,58.3,81,85,4.6
179,MEI,26,C,1.7,29,2103,9,13,63,87.2,1.9,1.8,2.3,49.2,86,43,0.7
180,ZAG,29,B,1.82,18,966,1,1,5,84.3,1.3,3.0,3.2,51.7,66,36,0.5
181,LAT,17,C,1.67,34,1885,0,4,2,69.8,1.7,2.4,2.2,64.2,82,28,0.2
182,GOL,26,B,1.76,29,1687,0,0,5,84.6,1.2,0.5,1.1,54.4,57,28,0.2
183,LAT,20,A,1.81,39,2358,2,8,7,71.9,0.0,1.1,2.4,52.0,85,28,0.3
184,ZAG,29,A,1.74,26,1174,1,1,2,79.6,2.7,3.6,1.5,44.5,72,43,2.6
185,VOL,20,B,1.79,28,1769,2,5,9,80.5,2.3,3.9,2.3,52.3,85,47,2.5
186,ZAG,27,A,1.89,47,2433,6,4,20,81.5,0.8,3.5,2.2,49.9,83,77,5.5
187,ATA,22,B,1.71,17,1469,10,3,60,82.4,2.0,1.4,1.8,46.2,84,13,1.3
188,LAT,30,B,1.84,22,1501,1,2,4,88.4,0.8,4.1,1.3,57.1,87,55,1.8
189,GOL,20,C,1.89,30,2421,0,0,0,90.9,1.5,1.9,0.5,54.2,63,42,0.2
190,ZAG,21,B,1.79,44,2393,1,0,11,82.5,2.4,2.9,2.2,47.9,92,47,1.3
191,LAT,24,B,1.83,18,813,1,4,9,76.0,2.3,2.4,1.6,61.5,90,58,2.8
192,ZAG,26,A,1.79,31,2744,1,5,6,82.6,3.2,4.1,2.7,51.4,76,100,8.6
193,VOL,21,B,1.77,45,2401,4,2,25,65.1,1.4,2.1,2.7,67.2,70,23,0.2
194,VOL,20,C,1.68,22,1557,2,4,14,77.6,2.2,1.8,2.5,37.5,67,33,0.2
195,VOL,26,B,1.79,28,2112,2,10,14,86.8,0.4,2.2,1.7,50.2,78,49,1.7
196,ZAG,25,A,1.83,13,973,0,0,0,76.2,1.9,3.3,3.1,49.4,83,59,2.2
197,MEI,21,A,1.73,43,3868,14,18,74,83.7,1.2,3.0,0.7,52.2,84,87,6.2
198,MEI,25,A,1.84,26,1807,6,11,19,77.4,2.1,2.8,1.3,39.3,72,65,2.2
199,MEI,28,A,1.77,22,1491,3,4,14,73.4,1.9,2.3,0.7,41.8,75,38,0.2
200,VOL,21,A,1.68,29,1808,0,5,3,97.0,0.5,3.3,2.5,56.5,75,54,2.0
201,ZAG,19,A,1.86,34,1821,2,1,11,86.1,2.9,1.8,1.5,48.1,75,34,0.4
202,MEI,27,C,1.7,48,2840,12,23,54,81.5,1.5,0.3,1.0,58.1,84,66,4.1
203,MEI,26,A,1.79,22,1970,10,8,34,82.6,1.4,1.6,0.8,63.8,78,92,6.0
204,GOL,27,A,1.96,47,3301,0,0,7,85.1,2.4,1.5,1.3,31.1,68,36,0.2
205,MEI,24,B,1.9,19,939,2,10,13,89.7,0.0,0.8,2.2,67.7,73,50,1.9
206,ATA,25,C,1.89,29,1431,11,15,57,69.7,3.2,3.4,1.0,60.2,70,51,1.9
207,ATA,28,C,1.8,36,3169,18,6,88,75.2,2.5,0.8,1.8,72.3,70,35,1.4
208,ZAG,22,B,1.85,29,1778,1,1,10,97.0,2.1,1.7,2.5,52.6,91,46,2.7
209,VOL,27,A,1.84,18,815,1,2,11,83.8,0.7,3.1,1.5,52.1,76,43,0.7
210,MEI,25,A,1.76,24,1495,5,7,26,81.2,2.0,2.7,2.5,42.9,72,41,1.6
211,ATA,26,C,1.84,18,1343,12,5,56,79.1,2.4,3.1,0.6,61.0,98,59,2.0
212,ZAG,23,C,1.75,47,2193,2,1,17,87.2,1.1,3.6,2.2,61.6,77,44,1.1
213,ZAG,33,A,1.86,37,3236,0,2,0,83.5,0.0,3.9,3.0,42.5,73,29,0.8
214,GOL,24,C,1.88,6,507,0,0,0,84.8,1.6,1.2,0.8,30.0,72,28,0.2
215,ATA,26,B,1.74,44,2750,20,10,122,71.8,1.5,2.5,1.6,52.8,99,99,6.9
216,MEI,25,B,1.82,17,1237,2,6,11,84.2,2.0,0.9,1.1,63.8,79,59,2.7
217,ZAG,23,C,1.78,37,2762,2,1,12,83.1,1.8,2.0,3.0,59.2,70,32,0.4
218,GOL,23,B,1.82,19,1600,0,0,3,67.6,0.2,3.2,1.3,59.4,72,36,0.2
219,MEI,25,C,1.8,31,1652,6,8,38,76.6,2.6,2.7,0.5,49.1,80,29,0.3
220,ZAG,18,A,1.85,29,1379,0,1,5,89.8,2.8,2.8,3.4,64.0,74,57,1.8
221,ZAG,29,A,1.91,29,1741,3,1,21,85.7,1.3,3.0,2.1,56.6,90,56,2.8
222,MEI,33,B,1.85,27,2308,9,14,44,96.7,2.4,0.1,0.4,52.1,57,38,1.2
223,MEI,32,A,1.81,38,2481,6,10,25,68.6,3.0,0.8,1.2,53.4,79,69,1.5
224,GOL,28,A,1.81,38,3226,0,0,0,82.4,1.4,2.3,0.0,44.9,82,33,0.2
225,LAT,29,C,1.78,45,3833,4,11,22,83.2,2.2,1.4,1.1,52.3,71,53,1.2
226,LAT,32,A,1.73,32,1974,1,8,0,80.4,0.0,1.0,0.6,36.2,89,39,0.2
227,ATA,33,C,1.84,19,1298,9,2,46,72.5,2.9,2.0,1.5,52.3,77,27,0.3
228,VOL,27,A,1.72,31,2264,4,4,28,81.5,2.5,2.9,2.1,47.9,81,73,2.7
229,VOL,26,B,1.79,30,1550,1,4,1,78.7,0.0,2.4,3.8,45.4,84,52,1.3
230,LAT,18,B,1.78,21,1546,2,4,4,86.7,2.1,2.2,1.6,54.8,95,43,1.8
231,ZAG,25,B,1.91,30,2219,2,1,5,83.6,1.3,3.5,2.8,57.3,72,48,2.3
232,MEI,24,C,1.98,27,1277,8,9,36,84.7,0.9,0.7,0.0,62.9,75,48,1.9
233,GOL,29,B,1.86,25,2096,0,0,2,86.3,1.6,3.0,2.1,59.4,60,45,0.2
234,VOL,18,B,1.83,27,1266,2,5,18,80.5,2.0,4.3,2.6,46.9,78,47,1.8
235,ATA,33,A,1.72,21,1559,13,5,74,72.5,1.9,0.0,1.7,41.9,64,55,0.9
236,MEI,21,A,1.84,19,1374,6,4,26,89.2,1.5,3.6,1.1,41.6,84,42,1.0
237,MEI,33,B,1.85,14,952,5,4,14,74.6,3.6,0.1,1.1,57.6,75,37,1.6
238,MEI,27,B,1.7,35,2391,12,9,62,82.0,0.6,2.4,0.8,52.5,82,54,2.4
239,LAT,22,B,1.65,35,2720,1,7,0,78.6,1.2,0.0,1.7,53.4,86,48,0.2
240,VOL,26,B,1.93,25,1543,4,4,17,95.5,1.2,2.4,2.6,40.1,65,27,0.4
241,GOL,27,A,1.91,32,2440,0,0,3,78.6,2.3,0.2,1.4,49.2,80,43,0.3
242,ATA,21,A,1.87,33,2902,16,6,79,85.9,3.7,0.0,2.8,59.2,85,78,3.5
243,ATA,29,B,1.78,17,1343,11,3,45,76.2,2.6,2.4,1.7,49.3,82,33,1.9
244,ATA,20,C,1.86,22,1752,16,4,75,81.0,3.1,0.6,1.4,60.0,80,33,0.9
245,LAT,27,A,1.76,23,1898,4,5,31,72.3,0.0,2.8,2.0,52.8,86,44,1.4
246,GOL,24,A,1.88,40,2214,0,0,1,76.3,0.0,1.8,1.7,44.2,72,24,0.2
247,GOL,31,C,1.84,24,1697,0,0,0,81.5,2.9,2.9,2.1,47.0,76,43,0.3
248,ATA,23,B,1.77,19,1613,12,3,40,77.3,2.0,1.8,1.6,55.4,61,39,1.1
249,LAT,25,B,1.9,37,2661,2,9,14,84.1,0.0,0.1,1.8,59.5,86,52,0.7
250,MEI,25,B,1.89,31,1841,7,13,35,86.4,1.7,1.9,1.6,52.7,76,80,5.9
251,LAT,26,A,1.78,15,1284,2,6,11,82.6,1.1,1.1,1.5,53.8,70,43,0.2
252,LAT,25,B,1.83,13,1080,2,5,6,69.7,1.0,2.6,2.3,65.8,94,78,4.8
253,LAT,22,B,1.72,11,575,1,2,0,76.8,0.0,0.6,1.6,53.5,85,34,0.2
254,LAT,23,A,1.77,21,1822,1,1,4,64.7,0.7,3.9,1.8,48.0,78,28,0.2
255,VOL,25,A,1.89,10,458,1,1,9,68.5,0.5,3.7,2.7,54.9,70,45,0.3
256,VOL,24,A,1.78,35,2451,4,6,17,63.7,0.1,2.5,3.3,38.2,66,36,0.2
257,MEI,31,C,1.91,34,2379,9,12,55,91.0,2.4,2.7,2.0,34.1,80,50,0.8
258,ATA,20,C,1.94,29,2588,17,4,52,67.9,3.2,2.0,0.5,53.8,94,31,1.5
259,VOL,32,A,1.77,25,2116,4,3,22,74.4,2.2,4.1,0.9,42.8,90,56,2.2
260,ATA,23,C,1.68,15,1122,7,0,29,89.5,2.7,3.6,1.6,50.7,68,32,0.6
261,ZAG,29,A,1.82,35,1862,4,1,15,82.3,0.9,3.2,3.1,58.5,86,74,4.3
262,VOL,25,B,1.68,25,1612,4,5,26,71.1,0.0,3.8,3.2,72.6,80,60,1.8
263,ATA,33,C,1.87,14,1211,6,3,16,67.5,1.5,0.6,1.5,57.6,86,21,0.2
264,LAT,30,B,1.87,15,1268,0,3,0,77.8,1.0,2.7,1.8,57.9,73,30,0.3
265,MEI,18,A,1.82,36,3035,9,10,42,86.7,2.4,1.4,1.4,46.7,80,79,5.1
266,ZAG,23,A,1.85,21,1169,0,0,0,83.1,1.1,2.1,3.8,39.3,82,46,0.5
267,VOL,30,C,1.82,24,1948,1,5,1,76.1,1.1,1.6,1.8,56.8,75,43,0.2
268,GOL,26,A,1.89,26,1822,0,0,4,74.4,0.2,3.0,1.7,59.4,66,27,0.2
269,VOL,25,A,1.85,16,1059,1,1,2,78.0,1.7,3.3,3.3,57.3,76,69,3.7
270,VOL,25,B,1.8,13,739,0,3,1,80.3,2.0,5.4,1.7,47.6,74,66,3.8
271,MEI,26,B,1.72,24,1217,5,8,24,75.8,2.1,2.6,0.4,57.1,78,57,1.4
272,MEI,26,B,1.82,34,1625,5,11,16,78.1,2.0,0.8,0.2,58.4,74,38,0.7
273,ZAG,26,A,1.92,29,2553,1,4,10,88.2,0.8,4.7,2.7,51.0,76,66,4.3
274,VOL,24,B,1.71,42,3521,3,4,11,68.6,2.6,5.5,2.0,50.0,82,48,3.6
275,MEI,24,B,1.79,46,3538,16,21,100,85.3,2.5,2.1,1.3,55.9,79,54,3.0
276,VOL,28,B,1.65,37,2884,4,7,6,78.1,1.5,3.9,2.0,54.8,74,35,1.5
277,MEI,19,A,1.71,33,2957,11,11,48,80.3,0.4,1.9,1.1,44.0,84,44,1.4
278,LAT,18,B,1.68,41,1912,5,3,39,86.5,2.0,1.2,2.3,59.1,78,30,0.4
279,VOL,20,A,1.89,29,2171,6,1,37,69.9,2.2,4.1,3.1,57.7,90,71,4.0
280,ATA,24,A,1.8,32,1977,22,7,140,68.3,2.3,1.0,2.0,57.3,80,84,5.4
281,LAT,24,A,1.75,17,1523,1,1,5,89.6,1.3,2.7,0.4,67.1,72,38,0.7
282,VOL,28,B,1.78,16,1046,1,4,5,82.3,2.7,2.7,1.4,46.0,85,47,3.5
283,ZAG,21,A,1.76,32,2735,0,0,5,74.1,0.7,3.3,2.3,64.5,74,29,0.6
284,ZAG,31,A,1.76,27,1457,1,2,8,90.2,2.0,5.1,2.9,50.5,72,77,4.8
285,MEI,30,A,1.69,26,1893,6,13,37,70.4,1.1,2.3,1.7,56.3,84,54,2.1
286,ATA,33,C,1.73,18,1243,7,7,43,87.9,1.9,1.6,1.3,52.1,86,37,1.0
287,VOL,25,A,1.82,26,1633,1,8,7,82.7,3.0,4.6,1.6,59.5,85,84,6.1
288,VOL,27,C,1.77,46,2575,4,6,25,92.9,1.1,4.3,0.5,50.0,72,45,0.5
289,MEI,19,A,1.95,43,2106,16,13,74,85.9,3.1,1.8,1.1,47.3,71,73,4.7
290,GOL,29,A,1.78,26,1669,0,0,3,87.6,1.2,2.1,0.7,44.5,71,28,0.2
291,VOL,27,C,1.74,38,2451,4,5,29,88.6,1.0,5.3,2.3,55.2,75,86,3.1
292,ATA,26,B,1.76,39,3322,20,6,97,81.7,2.7,2.7,2.6,57.8,74,60,4.4
293,VOL,23,B,1.72,30,1892,5,4,21,78.3,0.0,3.1,2.8,52.8,81,31,0.6
294,GOL,25,A,1.8,25,1285,0,0,7,83.6,2.6,2.7,1.6,46.8,81,40,1.4
295,VOL,23,B,1.72,18,1181,1,1,3,74.6,0.0,3.1,2.6,65.1,79,34,0.7
296,VOL,28,B,1.7,23,2008,2,3,12,87.4,1.5,2.1,4.0,53.9,71,64,2.5
297,MEI,24,C,1.76,24,2073,11,14,76,87.7,2.7,3.1,1.0,44.5,87,48,1.9
298,VOL,29,A,1.74,16,996,2,0,17,74.4,0.9,2.2,2.8,42.1,64,24,0.2
299,MEI,29,A,1.7,28,1894,10,8,50,66.3,3.3,1.4,1.2,72.8,84,100,7.1
300,GOL,28,A,1.84,34,1531,0,0,5,81.7,0.0,0.0,0.3,49.5,65,29,0.2
301,VOL,26,C,1.86,22,1016,5,0,34,83.1,0.7,3.6,2.9,58.5,62,31,0.2
302,ZAG,20,B,1.65,21,1036,1,1,0,80.5,2.1,2.5,3.3,48.6,63,40,0.4
303,LAT,21,B,1.85,34,2920,4,12,17,71.1,0.7,3.4,0.5,67.5,74,47,1.5
304,VOL,29,A,1.86,27,1604,1,8,5,79.2,0.0,3.4,0.4,50.3,86,63,2.7
305,LAT,21,C,1.74,34,3027,5,7,17,78.3,0.8,2.2,2.1,56.3,68,50,0.2
306,ZAG,23,A,2.0,28,2021,2,1,8,80.9,2.5,2.6,1.2,48.9,83,33,1.1
307,ZAG,29,C,1.86,33,2034,1,1,7,85.8,0.4,3.6,2.2,52.2,90,23,0.4
308,ZAG,18,C,1.8,25,1672,2,1,13,78.4,1.5,3.8,2.4,55.0,72,19,0.2
309,VOL,28,B,1.81,17,1519,2,3,10,79.3,1.6,3.1,2.1,42.4,85,53,1.5
310,ATA,24,A,1.78,32,2691,15,8,82,80.5,2.3,2.7,2.5,46.8,84,100,11.8
311,LAT,26,B,1.71,27,1240,1,4,2,88.0,1.5,2.0,0.9,40.9,77,47,0.2
312,LAT,24,A,1.89,29,1546,1,10,7,75.8,2.1,2.2,1.2,43.2,78,60,2.4
313,MEI,24,B,1.97,35,1975,13,7,53,81.7,3.4,0.5,1.1,62.5,79,49,2.7
314,VOL,25,C,1.8,27,1786,1,3,8,85.4,0.0,1.8,3.9,44.4,66,10,0.2
315,VOL,29,A,1.74,29,2087,4,7,28,65.9,0.5,2.2,3.1,62.6,81,71,2.8
316,VOL,16,A,1.92,30,1373,5,2,29,64.4,0.0,6.2,3.2,46.1,77,30,0.5
317,ZAG,20,A,1.85,22,1600,1,1,7,90.7,2.1,3.4,2.9,48.4,82,60,2.5
318,ZAG,26,C,1.78,24,1265,2,3,10,80.9,1.3,3.3,2.6,62.2,59,42,0.7
319,VOL,25,C,1.94,18,1311,2,2,16,87.4,1.6,4.0,3.5,50.6,86,49,1.4
320,LAT,26,A,1.78,32,1850,6,8,33,82.6,0.5,1.2,1.3,55.0,89,62,1.0
321,VOL,22,A,1.67,27,2258,3,1,9,79.5,1.1,2.9,2.6,54.2,86,61,2.5
322,ATA,22,C,1.91,15,866,7,4,33,89.0,2.7,3.6,1.1,43.3,92,35,0.7
323,MEI,31,A,1.73,28,1754,7,12,43,74.8,1.7,4.0,0.5,47.4,84,61,2.5
324,LAT,26,A,1.78,30,2394,1,5,11,67.8,0.0,3.0,0.2,49.8,83,23,0.2
325,ATA,17,A,1.81,25,1409,14,6,62,79.3,2.7,2.3,2.0,51.6,87,42,1.8
326,LAT,24,A,1.78,29,1953,1,6,3,92.8,0.0,1.9,2.6,46.3,74,50,2.1
327,ZAG,18,A,1.87,30,1502,1,3,0,85.6,1.4,3.8,3.2,55.6,70,31,0.6
328,ZAG,28,B,1.88,13,717,1,0,8,93.1,0.6,4.7,1.7,48.9,76,37,1.0
329,MEI,28,B,1.83,42,2002,8,15,38,64.1,2.1,2.0,0.6,49.0,75,54,1.9
330,MEI,24,C,1.67,5,353,0,1,1,72.2,1.3,1.6,0.0,43.6,92,32,0.2
331,ATA,24,C,1.76,20,1480,10,2,36,67.1,1.3,3.4,0.5,52.2,81,42,0.2
332,ATA,30,C,1.82,40,2333,18,6,111,80.4,2.4,1.6,1.2,52.2,92,59,4.1
333,ATA,26,C,1.62,26,1910,23,4,87,77.6,2.7,0.4,2.5,49.8,98,56,3.5
334,ZAG,22,C,1.93,15,1085,1,1,3,79.8,1.0,2.9,2.8,47.7,76,46,0.2
335,ZAG,31,A,1.75,16,911,0,0,0,86.8,3.5,3.0,2.1,51.2,61,34,0.9
336,ATA,26,A,1.82,35,1808,17,6,71,78.4,2.6,4.0,1.4,63.5,78,54,3.3
337,ATA,26,B,1.74,26,1589,17,3,105,83.0,2.6,2.1,1.4,59.6,75,47,2.3
338,GOL,21,C,1.93,28,1679,0,0,0,77.2,0.6,2.9,1.4,47.3,77,33,0.2
339,VOL,27,B,1.72,24,1872,0,7,0,74.8,0.6,3.0,1.9,61.4,77,50,0.8
340,VOL,19,A,1.92,25,1783,3,2,19,80.0,1.0,2.8,2.3,56.6,96,53,1.1
341,VOL,30,B,1.69,29,1896,0,1,3,82.6,1.3,4.8,3.2,55.6,68,57,1.8
342,GOL,29,C,1.83,22,1161,0,0,2,83.5,2.8,2.8,0.6,51.6,83,36,0.5
343,MEI,16,B,1.86,31,2690,12,13,58,76.5,2.1,3.8,1.1,58.8,88,43,0.8
344,GOL,26,B,1.8,34,2112,0,0,2,78.4,2.3,3.0,0.7,62.9,66,55,0.2
345,LAT,29,C,1.86,30,1982,2,6,3,79.8,1.6,1.9,0.6,54.9,87,39,0.9
346,ZAG,24,B,1.89,32,2189,2,1,2,92.0,2.0,3.5,2.8,59.4,67,52,3.5
347,LAT,28,C,1.88,36,1840,4,8,8,81.4,0.0,0.7,0.0,52.8,95,33,0.2
348,GOL,31,A,1.85,31,1460,0,0,5,78.4,0.9,2.2,1.9,56.6,60,33,0.2
349,ATA,24,B,1.69,30,2463,14,10,86,93.2,2.6,3.0,2.0,54.0,85,59,2.7
350,ATA,20,B,1.93,22,1373,18,4,87,71.1,2.7,2.4,2.9,55.0,83,55,2.1
351,VOL,27,B,1.86,7,467,0,1,0,84.5,2.5,3.0,2.1,58.9,67,61,2.3
352,ZAG,25,B,1.84,33,2276,1,2,10,87.5,0.6,3.5,2.5,49.8,81,39,1.3
353,MEI,33,A,1.75,24,1550,8,13,52,76.7,2.6,1.6,1.0,34.8,70,53,2.3
354,MEI,16,B,1.82,34,2892,16,9,55,73.2,0.5,3.4,1.3,47.0,72,46,0.2
355,VOL,23,C,1.82,38,2390,5,7,14,77.4,1.5,2.4,4.2,40.3,83,38,0.8
356,ATA,23,B,1.81,27,1648,11,4,43,75.5,2.7,2.3,1.5,41.6,79,42,1.5
357,ATA,26,A,1.78,38,2952,24,8,116,74.9,2.0,4.2,0.0,55.1,82,100,7.2
358,ZAG,20,B,1.83,19,1539,0,2,0,75.1,2.7,3.1,2.5,45.4,88,45,0.7
359,MEI,24,C,1.89,29,2507,4,11,20,79.7,2.0,1.2,1.3,69.5,87,34,1.1
360,LAT,27,A,1.8,12,645,1,6,6,88.5,2.5,0.0,1.3,35.5,99,34,1.1
361,ATA,21,B,1.82,10,790,6,1,39,75.6,1.9,1.0,0.7,67.4,91,34,0.6
362,ATA,22,A,1.9,32,2141,12,8,46,82.6,5.1,1.0,1.0,65.6,90,100,10.8
363,VOL,18,A,1.95,34,2042,3,3,12,79.3,1.5,2.8,2.9,63.5,75,30,0.7
364,MEI,17,C,1.85,32,2778,9,11,59,71.1,0.0,1.5,2.8,43.0,72,48,0.2
365,ATA,22,B,1.79,17,1446,6,2,36,81.6,2.1,2.3,0.6,49.0,95,60,0.9
366,ZAG,22,A,1.76,39,1848,1,1,7,95.8,2.1,3.8,3.1,39.7,82,100,4.5
367,LAT,26,A,1.84,23,1573,1,5,1,74.1,2.4,2.2,1.0,51.2,88,39,1.2
368,ZAG,27,C,1.82,32,1793,2,1,9,85.6,0.4,2.8,1.4,51.5,72,43,0.2
369,GOL,26,B,1.87,41,2686,0,0,0,72.8,0.0,1.5,2.4,47.8,63,34,0.2
370,LAT,35,B,1.77,13,740,1,2,0,72.9,4.1,2.1,1.7,41.3,82,33,0.2
371,ATA,27,B,1.76,20,1496,8,5,27,84.8,3.7,1.5,1.2,50.5,99,81,5.1
372,GOL,27,C,1.78,23,2053,0,0,0,76.4,1.4,1.4,1.9,55.0,83,39,0.4
373,GOL,21,B,1.82,25,1639,0,0,0,84.8,1.7,1.6,1.8,62.5,73,42,0.4
374,MEI,26,C,1.85,17,780,0,4,4,74.9,2.9,2.1,0.7,60.6,71,32,0.2
375,ZAG,27,C,1.86,26,1860,2,2,7,85.3,2.6,2.1,2.4,43.8,88,46,0.9
376,VOL,20,A,1.76,46,4038,3,9,13,77.6,1.8,3.5,2.6,61.0,67,66,2.1
377,VOL,18,A,1.85,28,2334,5,8,22,68.8,1.9,2.6,3.1,50.2,84,75,3.9
378,VOL,25,C,1.94,47,4015,5,7,14,79.8,2.0,4.2,1.6,45.6,81,55,1.3
379,VOL,25,A,1.81,36,1856,4,6,21,70.0,0.0,2.4,3.0,46.1,68,27,0.2
380,VOL,24,A,1.77,31,1406,5,3,19,81.2,0.6,2.9,2.2,38.0,79,39,0.6
381,VOL,25,B,1.93,48,3969,8,3,39,77.1,1.2,2.9,1.5,68.8,75,51,1.1
382,MEI,23,B,1.76,33,2938,9,14,51,81.6,2.6,1.3,0.7,62.7,70,82,4.5
383,GOL,22,B,1.74,26,1536,0,0,0,67.5,0.7,1.5,0.6,49.1,59,37,0.2
384,MEI,24,B,1.76,7,501,2,0,8,75.2,0.7,2.1,1.7,40.8,88,34,0.2
385,ATA,29,A,1.81,14,820,7,2,40,84.7,2.4,1.0,1.7,59.5,79,36,2.5
386,MEI,24,B,1.75,26,2187,10,6,39,89.1,1.3,1.7,1.3,50.7,81,64,3.3
387,ZAG,26,A,1.73,33,2941,4,0,22,83.9,1.0,2.0,2.6,55.5,79,38,1.2
388,ZAG,28,A,1.7,35,2771,1,1,3,63.6,2.6,2.3,3.0,66.2,78,44,2.8
389,ATA,26,B,1.78,41,3575,30,10,140,76.5,2.6,2.7,1.1,42.0,82,100,11.6
390,ATA,22,A,1.93,30,1475,20,4,69,68.6,1.9,2.2,1.6,47.9,64,78,6.3
391,ZAG,19,B,1.78,43,2117,3,1,28,77.3,0.0,4.9,2.6,58.6,85,20,1.1
392,MEI,25,B,1.9,31,1940,7,9,39,68.0,1.1,2.9,1.6,63.4,77,67,1.9
393,ATA,24,A,1.79,30,2377,10,6,48,68.6,2.8,2.1,2.3,62.4,80,63,3.7
394,ATA,16,A,1.83,27,1454,19,1,95,68.4,3.3,1.5,1.2,41.6,76,45,1.2
395,MEI,23,B,1.9,31,1630,12,9,50,72.1,2.6,3.0,2.4,63.2,84,89,4.4
396,MEI,28,C,1.79,10,706,1,7,1,85.9,2.5,1.9,1.2,38.4,90,33,1.0
397,MEI,25,B,1.75,48,2253,9,16,37,89.1,2.4,2.6,1.1,52.3,67,61,3.6
398,GOL,23,A,1.64,32,2269,0,0,6,80.5,0.0,2.7,1.4,56.4,72,48,0.2
399,GOL,25,C,1.93,18,1376,0,0,1,73.5,0.0,1.9,0.9,46.3,69,17,0.2
400,MEI,27,A,1.83,15,905,1,4,4,78.7,0.9,1.8,1.5,44.4,71,23,0.2
401,ATA,28,A,1.81,29,2172,12,3,48,74.2,1.1,1.6,1.4,63.1,98,83,5.0
402,VOL,24,A,1.84,28,1918,4,3,11,78.6,0.5,3.2,2.5,45.0,87,59,2.4
403,GOL,16,A,1.97,28,2195,0,0,0,72.7,0.0,2.9,0.8,66.6,72,32,0.2
404,MEI,32,C,1.91,13,992,2,1,8,88.4,1.0,0.6,1.8,62.8,74,14,0.2
405,ZAG,24,C,1.86,41,2510,0,1,0,72.9,2.1,3.2,1.7,52.1,60,32,0.2
406,MEI,23,A,1.93,22,1960,5,16,28,74.8,1.0,2.5,3.4,62.6,77,100,11.3
407,MEI,26,A,1.7,18,1353,3,7,17,67.6,2.3,2.6,1.7,51.7,81,49,1.0
408,MEI,27,B,1.7,18,943,6,6,39,76.3,0.0,1.8,2.2,60.0,69,41,0.4
409,GOL,26,C,1.87,31,2173,0,0,2,74.0,1.4,2.0,1.1,50.8,78,27,0.2
410,VOL,25,C,1.84,23,1274,3,4,11,81.4,0.0,3.2,3.3,38.8,72,44,0.8
411,LAT,33,A,1.75,26,1247,0,6,5,89.0,2.1,3.9,0.0,50.7,77,45,2.7
412,ZAG,27,C,1.86,37,2367,1,1,0,81.3,0.0,3.2,2.8,46.5,77,28,0.8
413,ATA,19,B,1.79,30,2165,12,6,69,75.7,3.6,1.5,0.8,42.3,76,37,0.6
414,LAT,19,B,1.87,29,1427,3,4,16,81.9,1.2,2.3,2.7,61.9,80,37,0.5
415,ATA,17,A,1.78,28,1623,17,13,99,55.0,5.7,2.3,0.5,56.2,80,53,1.9
416,ZAG,27,B,1.82,24,1532,3,0,11,75.8,2.6,3.0,1.7,49.2,80,40,0.5
417,ZAG,27,A,1.86,33,2603,1,3,9,84.8,1.7,3.9,3.6,53.6,73,77,5.4
418,ATA,18,A,1.79,34,1535,17,5,125,69.7,2.8,0.3,1.8,47.9,96,88,4.3
419,ZAG,27,C,1.87,25,1410,0,1,0,84.8,0.6,2.2,1.9,48.0,72,42,0.2
420,LAT,23,A,1.79,41,3444,7,14,45,91.4,0.9,0.0,0.9,52.7,80,40,1.2
421,VOL,27,B,1.83,14,744,1,1,4,81.2,0.0,4.6,3.0,53.5,99,56,3.1
422,LAT,27,C,1.74,25,1153,2,3,6,69.6,1.2,2.1,2.4,57.1,98,21,0.4
423,ZAG,25,C,1.85,26,1565,3,1,8,80.1,0.3,3.6,3.2,52.4,76,40,0.9
424,ATA,28,A,1.87,35,1853,13,5,37,70.6,2.4,2.1,2.2,53.7,65,60,3.0
425,VOL,30,B,1.72,28,2146,2,6,10,69.4,0.6,4.4,4.0,49.6,81,37,1.6
426,LAT,23,A,1.81,28,2264,2,7,11,88.9,1.4,1.7,2.0,52.7,80,41,0.9
427,MEI,28,A,1.75,16,1386,2,5,2,79.9,1.6,2.0,1.4,44.5,76,38,0.2
428,VOL,26,A,1.76,29,1757,1,5,8,86.0,1.1,3.2,3.0,53.7,83,61,2.9
429,LAT,25,A,1.82,24,1768,2,7,12,87.5,1.9,2.1,1.9,59.7,78,78,4.3
430,GOL,19,B,1.87,31,1999,0,0,3,78.8,2.1,1.1,0.0,45.8,76,30,0.2
431,LAT,21,A,1.83,26,1691,1,6,6,79.8,0.2,2.2,2.1,42.7,92,51,1.2
432,GOL,23,B,1.88,22,1140,0,0,5,78.8,0.0,1.3,1.8,58.6,78,43,0.2
433,LAT,20,B,1.85,44,2310,5,12,21,81.5,2.1,1.1,1.1,55.3,94,46,1.3
434,MEI,20,A,1.75,26,1340,13,6,59,80.8,1.3,1.5,0.0,47.6,90,58,3.3
435,ZAG,16,B,1.87,35,2064,2,0,11,85.2,0.0,1.7,2.8,60.2,82,41,0.2
436,MEI,23,A,1.7,18,1444,5,5,27,80.3,3.4,2.0,1.1,52.3,73,51,3.5
437,MEI,21,A,1.79,10,451,4,2,26,86.3,2.9,3.1,1.1,44.0,80,33,0.6
438,GOL,23,A,1.82,27,2245,0,0,1,75.2,3.5,3.2,1.8,54.8,75,27,0.6
439,LAT,28,A,1.91,25,1414,3,8,15,84.8,3.0,3.5,1.7,63.2,90,100,9.5
440,VOL,21,C,1.78,41,3381,3,3,18,74.1,0.9,1.5,0.6,47.2,87,34,0.2
441,LAT,17,B,1.82,29,1385,3,4,13,76.6,0.0,2.7,2.5,61.2,75,34,0.4
442,MEI,20,C,1.83,28,2301,5,16,23,84.9,3.1,3.0,2.8,54.8,68,37,1.2
443,ZAG,27,B,1.83,17,867,2,1,5,94.4,0.0,2.3,3.2,41.8,85,52,0.8
444,GOL,23,A,1.92,37,2429,0,0,0,77.8,1.6,0.1,2.0,40.9,69,35,0.2
445,ZAG,24,B,1.95,25,2236,2,0,11,69.6,2.4,4.5,0.8,69.4,80,52,1.7
446,MEI,16,B,1.87,34,1828,9,15,28,70.2,2.6,1.7,0.1,57.5,66,36,0.6
447,MEI,23,A,1.75,8,608,4,6,23,79.2,0.6,0.3,1.9,51.3,83,38,0.6
448,ATA,31,B,1.98,20,1472,12,3,54,81.6,1.3,0.7,1.9,54.0,99,39,2.3
449,MEI,27,A,1.8,42,1941,7,19,24,68.3,0.4,2.0,1.6,58.3,63,75,5.0
450,ATA,27,B,1.75,29,1876,14,4,75,77.3,3.0,1.0,0.1,34.3,71,45,1.1
451,MEI,22,A,1.84,31,1805,10,9,41,77.9,1.3,1.9,0.2,55.9,80,63,3.7
452,ATA,30,A,1.81,41,2511,23,8,134,74.2,2.1,0.6,1.7,54.0,79,100,7.9
453,GOL,31,A,1.83,23,1498,0,0,1,78.0,1.5,3.9,0.5,68.5,51,36,0.2
454,ATA,17,A,1.8,29,2185,20,6,132,78.9,2.7,1.7,1.3,46.9,77,45,1.8
455,ZAG,24,B,1.79,37,3182,2,2,19,81.4,0.1,2.0,2.0,60.7,78,23,0.2
456,ZAG,31,B,1.92,39,2761,1,0,4,85.4,0.8,3.2,1.4,45.9,77,42,0.2
457,ATA,29,B,1.79,30,1826,15,5,106,76.0,2.9,1.6,3.6,51.3,78,63,5.0
458,ZAG,18,C,1.84,35,2656,0,1,1,79.4,0.0,5.4,2.9,53.0,67,40,0.9
459,LAT,20,B,1.82,23,1699,2,8,15,80.2,0.2,2.1,1.3,47.4,91,16,0.3
460,GOL,23,A,1.89,34,2253,0,0,7,68.9,0.4,0.0,1.5,57.3,81,23,0.2
461,VOL,27,A,1.72,28,2507,3,4,16,81.1,0.5,4.4,1.9,55.3,82,100,7.7
462,VOL,28,A,1.86,45,2445,5,6,21,88.3,0.6,2.3,2.2,42.6,78,54,1.6
463,LAT,16,A,1.75,29,2519,2,1,7,71.5,0.0,0.3,0.1,66.7,75,7,0.2
464,VOL,23,A,1.77,26,1224,3,6,13,69.7,2.1,4.2,3.0,51.1,82,100,8.2
465,LAT,27,B,1.76,29,2187,1,5,6,76.7,2.1,2.1,1.4,56.2,91,32,1.8
466,ATA,23,B,1.77,36,1879,20,6,106,72.0,2.9,0.6,1.5,56.2,85,77,4.7
467,ZAG,32,B,1.9,26,2122,2,1,17,82.8,0.2,4.3,2.4,31.6,67,37,0.2
468,ATA,22,A,1.66,31,2630,16,4,95,81.0,2.1,2.8,1.3,57.2,84,60,6.2
469,MEI,19,A,1.8,44,3945,12,16,61,79.3,1.5,1.6,2.1,60.1,91,65,3.2
470,MEI,24,B,1.89,40,3146,11,12,45,69.2,4.1,2.2,1.1,48.9,76,79,4.2
471,LAT,29,C,1.82,39,1974,1,9,6,83.5,2.3,2.8,1.4,47.2,74,25,0.8
472,ZAG,16,A,1.77,28,2137,0,3,0,87.0,2.2,3.4,1.1,35.5,83,42,0.7
473,ZAG,21,A,1.92,38,1806,2,1,9,79.4,1.7,1.7,0.3,54.5,70,26,0.2
474,LAT,20,C,1.7,30,1697,1,14,12,73.4,2.1,0.0,0.3,57.1,72,16,0.2
475,MEI,25,A,1.77,30,1945,13,14,59,80.2,3.1,1.0,1.7,54.6,73,100,9.0
476,GOL,30,A,1.8,43,2406,0,0,0,87.3,0.5,3.4,1.0,45.9,74,35,0.2
477,ZAG,23,A,1.69,28,1834,2,4,10,87.1,2.9,4.3,2.3,61.4,79,64,3.5
478,VOL,26,B,1.81,18,932,2,4,14,72.0,2.0,4.1,0.9,41.0,83,47,0.8
479,ATA,22,A,1.84,36,2444,23,5,140,64.2,2.5,3.2,0.0,47.2,84,100,7.6
480,ATA,29,A,1.83,27,1582,8,8,59,81.1,1.4,1.6,0.4,48.7,96,57,2.3
481,LAT,27,A,1.81,37,2983,4,9,18,85.0,0.6,1.3,2.8,49.7,76,78,2.6
482,LAT,27,C,1.77,32,2678,5,7,22,82.0,1.6,1.8,0.7,52.3,75,30,0.2
483,MEI,27,A,1.83,35,2583,7,8,41,83.6,1.0,0.9,1.9,40.1,65,47,1.3
484,ATA,21,B,1.8,31,1460,23,5,140,73.7,2.1,2.4,0.7,68.4,99,41,2.3
485,MEI,22,A,1.75,23,1871,2,9,17,85.9,1.4,2.5,0.5,50.4,95,40,1.2
486,GOL,23,A,1.85,39,1995,0,0,1,85.2,0.0,2.4,0.8,46.5,81,21,0.2
487,MEI,16,A,1.92,24,1593,5,6,33,74.9,0.3,2.1,2.5,58.2,84,46,0.4
488,MEI,24,A,1.84,21,1463,4,13,20,97.0,2.2,2.7,0.6,55.6,75,100,9.7
489,VOL,31,B,1.85,29,1617,5,2,27,78.3,0.0,3.9,1.9,58.5,82,49,0.9
490,MEI,23,B,1.83,10,513,4,2,22,77.1,1.4,3.1,0.8,47.2,90,28,0.2
491,LAT,24,A,1.81,18,1181,5,4,36,77.5,0.0,2.9,1.4,59.2,73,39,0.4
492,VOL,27,B,1.79,34,2987,3,5,20,78.8,1.6,3.6,0.8,55.6,71,39,1.8
493,ATA,29,B,1.88,24,1562,17,11,69,85.2,1.4,0.2,1.3,52.5,87,78,4.9
494,MEI,30,A,1.86,37,3326,6,13,22,84.9,2.0,3.2,2.4,46.2,69,66,3.1
495,MEI,29,A,1.68,46,3550,17,14,79,76.4,1.5,0.4,2.2,60.2,79,75,6.9
496,GOL,26,B,1.78,38,3158,0,0,0,82.3,3.5,0.3,0.9,51.7,67,39,0.3
497,ATA,32,C,1.87,25,1600,18,5,118,64.6,2.9,2.9,1.2,39.4,84,39,0.6
498,ATA,27,B,1.78,15,981,4,5,20,74.9,1.2,0.4,1.8,49.8,81,36,0.9
499,ATA,26,C,1.87,21,1825,14,5,57,65.1,1.9,2.1,1.7,39.8,71,39,0.5
500,LAT,21,B,1.7,40,3145,2,4,13,70.4,0.0,0.9,1.7,63.9,75,35,0.2
501,ATA,20,A,1.89,22,1046,14,10,69,76.0,1.5,0.2,1.9,54.0,87,91,5.2
502,MEI,25,A,1.88,12,802,5,1,23,73.3,1.2,1.9,1.2,52.9,81,32,0.2
503,ZAG,25,A,1.85,41,3213,2,5,13,77.4,1.9,4.3,3.3,55.4,85,80,5.8
504,VOL,25,A,1.74,30,1450,5,7,27,80.3,0.0,3.2,2.0,47.9,88,67,3.3
505,VOL,26,C,1.7,26,1218,0,5,0,87.7,1.4,1.5,2.6,63.4,69,30,0.7
506,VOL,28,B,1.8,21,1228,2,4,11,75.2,0.0,3.7,3.7,42.5,74,12,0.6
507,LAT,22,C,1.85,28,1712,2,6,10,83.4,0.3,3.2,2.7,49.8,85,53,0.8
508,LAT,26,B,1.83,17,1423,1,5,12,84.3,0.4,2.6,2.8,54.0,85,66,1.5
509,ZAG,22,A,1.74,22,1865,4,1,18,74.0,0.9,2.5,3.1,44.3,61,46,0.2
510,ZAG,22,B,1.83,27,2326,2,0,11,83.5,0.6,2.8,2.3,54.0,76,37,0.3
511,LAT,25,C,1.72,34,2348,1,3,5,75.2,0.3,1.5,2.0,50.0,86,22,0.2
512,LAT,25,A,1.81,25,1930,4,10,17,81.2,1.0,2.0,1.0,54.9,82,67,3.8
513,ZAG,31,A,1.86,21,1727,1,0,0,92.9,1.3,1.4,3.1,50.8,77,57,1.4
514,ATA,21,B,1.97,38,3323,21,8,74,87.2,2.2,1.4,0.1,65.8,86,79,4.4
515,ZAG,28,B,1.86,14,797,1,0,7,80.3,0.0,3.4,2.9,56.2,69,42,0.4
516,ZAG,28,A,1.9,29,2249,1,0,0,89.8,3.0,2.1,3.2,49.1,79,64,4.4
517,VOL,22,B,1.62,38,1830,2,6,8,86.7,0.5,2.7,2.2,58.9,84,57,4.0
518,VOL,18,A,1.71,35,2003,6,7,26,86.8,1.6,2.6,2.0,58.0,80,35,1.5
519,GOL,26,B,1.8,37,3174,0,0,1,84.7,0.0,2.4,3.1,51.2,67,39,0.2
520,VOL,31,B,1.81,33,2626,5,7,22,81.3,0.0,3.7,2.6,62.2,87,61,2.5
521,LAT,21,B,1.74,34,2016,1,8,12,87.1,1.1,1.3,2.1,52.4,84,50,1.4
522,VOL,20,B,1.64,23,1524,1,1,11,84.2,1.3,5.5,2.9,57.0,84,50,0.7
523,ATA,25,B,1.86,22,1943,13,9,72,74.5,4.6,2.7,1.5,48.3,83,60,5.0
524,ATA,24,A,1.92,42,3008,24,10,113,83.9,0.5,3.7,2.8,57.7,80,100,11.3
525,MEI,25,C,1.81,28,2188,3,14,10,72.7,1.3,1.6,2.0,54.4,91,71,2.4
526,MEI,24,B,1.74,20,1682,6,2,32,79.5,3.1,3.8,1.6,57.5,61,25,0.5
527,MEI,20,A,1.89,16,784,3,8,18,91.5,2.0,0.7,2.1,56.9,70,50,0.7
528,ZAG,19,B,1.73,7,466,1,0,0,78.6,0.2,2.7,2.7,66.1,88,26,0.4
529,ZAG,25,B,1.83,21,1788,1,0,3,77.1,2.2,4.3,1.6,53.3,72,41,1.7
530,ZAG,27,A,1.82,28,1459,2,1,12,69.6,1.7,3.7,2.8,55.9,83,100,8.4
531,ATA,27,B,1.83,37,2902,21,4,126,79.9,3.3,1.5,1.2,40.9,67,77,6.2
532,GOL,27,C,1.8,30,2142,0,0,9,80.2,1.9,3.4,2.4,47.2,67,45,0.2
533,ZAG,27,C,1.84,41,2903,4,3,13,86.7,1.2,2.4,2.9,57.3,76,29,0.6
534,ZAG,27,A,1.97,35,2684,3,1,14,67.7,2.6,3.4,2.0,51.9,71,40,1.6
535,LAT,17,A,1.88,36,1717,6,9,26,87.9,2.4,0.7,0.6,34.7,74,40,0.2
536,ZAG,16,B,1.83,22,1510,2,0,10,76.8,1.7,2.5,1.8,53.6,86,31,0.2
537,ZAG,25,C,1.8,32,2303,1,2,9,79.9,1.9,0.6,2.1,50.3,75,24,0.2
538,ATA,21,A,1.72,6,300,6,1,43,68.8,2.1,0.0,1.1,43.2,75,32,0.2
539,MEI,31,B,1.94,38,3059,8,10,42,79.9,0.5,2.7,1.1,41.7,76,47,1.5
540,LAT,25,C,1.77,16,1066,1,2,5,86.1,0.0,2.7,0.8,55.4,79,42,0.2
541,VOL,22,A,1.96,29,1345,3,3,16,83.6,2.1,4.3,1.2,42.9,87,65,3.4
542,LAT,30,C,1.62,37,1879,1,7,5,84.7,0.0,1.7,3.2,59.7,85,24,1.2
543,ZAG,27,B,1.83,38,2683,3,2,21,87.1,3.4,4.5,2.6,70.0,80,100,14.0
544,ATA,20,C,1.8,22,1155,8,1,50,84.4,3.2,1.9,1.3,57.2,95,36,2.0
545,ZAG,29,B,1.82,28,1652,1,3,2,73.5,2.8,5.0,1.9,59.8,92,54,3.9
546,ATA,26,C,1.69,46,4128,24,5,88,66.6,2.3,1.2,2.6,53.1,82,55,1.8
547,ZAG,27,A,1.85,33,1920,3,1,18,88.6,2.9,4.5,2.3,56.4,86,96,7.1
548,ZAG,29,A,1.88,42,1904,1,1,11,79.3,0.8,3.6,2.1,40.3,85,71,3.2
549,VOL,25,A,1.84,29,1321,4,7,20,74.7,0.1,2.9,3.0,54.8,81,55,1.3
550,LAT,24,C,1.79,55,4226,4,12,19,71.6,2.0,4.4,3.0,50.3,79,39,1.1
551,LAT,22,C,1.82,31,1989,3,4,9,64.8,2.7,0.1,1.4,66.2,79,61,0.2
552,MEI,27,B,1.78,29,2020,8,9,25,84.7,3.5,0.2,1.2,61.6,67,41,1.4
553,LAT,24,A,1.91,25,1760,1,7,2,75.6,0.0,2.2,2.0,53.1,81,44,2.3
554,ZAG,17,C,1.76,24,1485,0,1,15,88.1,1.5,5.1,2.9,45.5,71,48,0.4
555,VOL,24,A,1.77,29,1651,4,5,17,78.2,0.0,3.0,1.5,48.9,88,36,1.8
556,ZAG,21,A,2.01,32,1451,0,0,0,82.1,0.0,5.5,1.7,68.0,77,45,1.7
557,ZAG,29,A,1.85,14,1055,0,0,0,82.2,2.4,3.0,2.5,44.8,71,30,1.7
558,LAT,30,C,1.69,56,3201,2,7,19,83.5,0.0,2.1,0.0,58.3,92,15,0.2
559,ATA,25,A,1.78,21,1859,12,3,64,68.7,2.1,2.5,0.9,47.1,71,52,0.9
560,MEI,28,A,1.75,34,1778,8,14,47,76.4,1.0,3.0,1.6,66.4,82,54,3.5
561,MEI,22,B,1.8,24,1087,7,9,48,82.6,2.7,2.7,1.2,55.1,79,47,1.7
562,ATA,29,A,1.74,14,695,13,2,59,81.2,5.2,2.4,2.1,43.3,81,100,7.6
563,MEI,22,C,1.95,26,1487,6,11,26,73.2,2.2,1.7,1.6,45.8,74,26,1.4
564,VOL,27,A,1.79,25,1221,5,5,13,69.2,0.8,2.7,2.3,56.3,76,30,0.6
565,MEI,17,B,1.79,35,2544,6,7,37,66.9,1.7,0.4,1.8,73.2,73,30,0.5
566,ZAG,20,B,1.79,36,1900,5,4,29,85.8,1.7,2.0,3.0,53.0,64,31,0.2
567,ATA,25,C,1.85,36,1665,18,7,121,82.2,2.7,2.1,1.6,47.4,90,45,3.9
568,ATA,25,B,1.79,30,1818,14,6,60,66.0,1.4,1.9,1.6,68.9,81,55,3.3
569,VOL,27,C,1.88,50,3568,11,10,50,81.8,1.9,3.1,2.9,59.0,78,44,1.4
570,MEI,21,A,1.87,36,2690,10,16,49,75.7,2.0,2.7,1.9,48.8,75,74,4.1
571,VOL,20,C,1.8,30,2597,2,6,15,86.7,0.5,4.5,2.5,71.9,92,36,1.6
572,ZAG,29,A,1.73,31,1464,2,3,16,78.0,0.0,2.2,2.0,42.4,88,27,0.2
573,LAT,25,A,1.93,22,1728,4,3,20,75.1,2.1,0.4,1.0,45.5,72,40,0.2
574,ZAG,24,B,1.87,38,1920,1,2,8,77.3,1.1,5.3,2.8,64.0,73,90,5.7
575,GOL,26,B,1.78,19,889,0,0,4,80.1,2.1,3.1,2.2,32.7,68,30,0.2
576,ZAG,26,A,1.72,39,2032,1,4,9,87.1,2.8,4.1,3.7,39.5,76,75,6.5
577,LAT,25,B,1.8,35,2290,4,17,23,76.8,0.9,1.8,0.7,44.5,82,39,1.8
578,VOL,22,B,1.83,32,2632,3,6,17,69.9,2.0,3.6,3.2,61.7,82,75,3.9
579,MEI,24,A,1.8,14,977,3,1,17,87.0,2.4,1.0,0.2,50.6,73,41,0.2
580,MEI,28,A,1.83,33,1727,7,14,32,76.6,1.5,2.3,2.6,43.1,77,74,2.5
581,LAT,28,C,1.7,45,2559,2,5,8,74.1,0.8,2.1,0.7,40.0,71,45,0.2
582,ATA,22,A,1.84,44,2910,20,6,96,67.1,2.4,1.6,0.9,62.1,76,69,3.6
583,MEI,21,B,1.81,39,2690,18,14,87,75.1,2.6,1.1,1.5,58.5,74,88,4.1
584,ATA,20,A,1.82,11,627,11,4,68,78.1,3.7,2.0,1.8,49.8,82,90,4.4
585,MEI,19,A,1.74,35,2858,10,12,38,76.2,2.3,2.7,1.9,47.3,75,28,2.0
586,LAT,28,A,1.77,25,1261,0,10,0,82.3,1.5,0.0,1.9,47.4,98,61,3.0
587,ATA,30,B,1.84,26,1465,11,4,64,79.0,2.1,0.6,1.5,50.0,86,41,1.9
588,LAT,26,B,1.64,33,1604,1,5,5,65.7,0.1,0.2,0.9,38.3,95,28,0.2
589,ATA,28,C,1.67,27,2196,14,5,94,73.6,1.1,0.0,3.3,35.1,78,53,0.7
590,VOL,23,A,1.81,28,2269,3,6,13,80.2,0.5,4.1,3.1,70.3,87,85,4.8
591,ZAG,25,A,1.9,27,2108,2,2,11,96.2,0.0,4.3,1.1,45.9,66,49,1.5
592,LAT,24,A,1.89,21,1349,2,3,12,79.6,2.3,3.0,0.8,49.8,76,46,0.6
593,ZAG,33,A,1.9,36,1719,1,2,6,74.9,1.9,6.1,1.9,54.3,82,37,2.3
594,ATA,27,B,1.87,45,3056,22,6,107,71.1,2.3,0.7,1.3,51.8,80,100,7.4
595,ZAG,25,B,1.78,31,2158,4,3,30,86.3,0.0,3.8,1.4,47.2,82,72,2.0
596,LAT,26,A,1.72,34,2149,5,7,23,92.9,0.6,1.6,0.0,50.3,69,39,0.2
597,ATA,19,C,1.77,32,2651,18,6,102,66.8,5.1,0.6,2.4,54.2,82,58,1.6
598,VOL,26,A,1.75,11,512,3,3,19,74.1,2.1,5.1,2.0,49.4,82,100,7.0
599,ATA,22,A,1.85,35,1935,23,6,109,81.9,1.8,2.3,2.0,51.7,68,100,11.2
600,ZAG,32,B,1.87,22,1026,1,1,3,71.5,0.0,2.3,1.3,56.9,77,40,0.2
601,GOL,22,A,1.73,21,1129,0,0,3,73.6,2.8,1.7,0.9,42.2,63,35,0.2
602,ATA,24,A,1.8,22,1348,7,3,44,78.1,1.6,0.4,0.6,59.1,86,51,1.9
603,GOL,26,A,1.85,46,3394,0,0,0,88.0,0.6,1.2,1.9,51.9,70,45,0.2
604,MEI,32,A,1.88,40,3389,16,16,64,67.4,1.1,2.7,1.8,62.7,67,64,2.8
605,ZAG,28,C,1.74,37,3130,2,1,7,75.3,0.7,5.6,2.4,57.2,76,58,1.7
606,GOL,21,A,1.83,32,2473,0,0,2,79.9,1.1,2.1,1.5,54.6,72,26,0.2
607,ZAG,32,B,1.82,35,1622,3,1,16,83.2,0.7,3.8,4.2,45.9,87,59,1.4
608,ZAG,30,A,1.82,25,1533,3,3,10,86.3,1.3,2.0,2.4,47.6,75,37,0.4
609,GOL,20,C,1.83,26,2119,0,0,0,70.7,0.1,2.4,1.1,56.6,71,47,0.2
610,GOL,21,C,1.85,18,823,0,0,0,90.2,1.3,1.7,2.5,50.8,70,43,0.3
611,MEI,24,B,1.74,27,2423,12,6,76,80.3,2.0,1.0,1.6,45.2,71,49,2.5
612,MEI,24,A,1.78,36,2920,13,14,78,80.6,2.8,0.3,1.5,56.2,70,91,6.5
613,VOL,17,B,1.82,34,2846,8,1,31,81.9,0.3,3.7,2.1,46.0,83,19,0.2
614,ZAG,25,B,1.88,28,1312,0,1,0,84.3,1.4,3.9,2.6,60.2,66,44,2.3
615,LAT,30,B,1.8,14,727,2,1,7,90.9,0.7,0.7,0.7,51.2,91,39,0.2
616,VOL,18,A,1.76,36,1800,5,7,27,76.3,2.4,4.8,0.7,56.5,65,43,1.6
617,ATA,23,A,1.71,32,1849,17,7,71,66.3,3.5,1.3,0.0,56.3,69,82,6.0
618,MEI,30,B,1.8,13,634,3,3,12,76.9,2.9,1.9,1.3,58.2,95,95,5.0
619,ZAG,26,A,1.98,23,1494,0,1,0,80.6,1.6,2.5,2.4,54.2,98,48,1.8
620,MEI,27,A,1.78,43,2211,16,14,85,87.7,3.0,1.6,1.3,59.1,86,100,13.9
