id_empresa,periodo,porte,margem,crescimento,endividamento,liquidez,superou_setor
E35,T15,-3.29602,-0.01132,-0.82147,0.32867,0.0836,1
E31,T16,1.11442,0.01673,-1.10504,0.27222,1.82776,0
E15,T14,2.67682,-1.43545,-0.50469,-1.69294,0.58002,0
E12,T03,1.61365,0.6353,-1.41442,-3.22415,0.52872,0
E18,T16,4.0294,0.31762,-0.40286,-1.34314,-0.27551,0
E05,T07,-2.21705,0.42393,1.7281,0.8059,-0.15263,1
E07,T10,-1.00686,-0.50141,0.82328,1.12315,0.89716,1
E03,T08,-0.01636,0.01519,0.20676,-2.44504,-0.04845,0
E35,T05,-3.3136,-0.04973,-0.49321,-0.95039,-0.2126,1
E20,T08,-1.46119,-1.06056,0.52244,0.74826,-1.31465,0
E29,T16,-3.18254,1.2067,-1.81478,-1.2413,0.02936,1
E18,T07,4.05954,-0.61461,-3.88604,2.82028,-0.54835,0
E17,T05,0.45056,-0.60427,0.0038,-0.70458,-0.42163,0
E10,T10,-3.84946,-0.37688,0.11491,0.66666,-1.20442,0
E17,T16,0.42745,-1.29415,-2.78753,-1.12359,-2.27478,0
E17,T14,0.43485,0.03262,-0.33792,1.55211,0.66362,0
E19,T09,4.54398,0.72733,-1.94009,-1.97016,0.95375,0
E38,T03,0.32619,-0.27519,1.14462,-0.54732,-0.12552,1
E20,T09,-1.43747,-1.06385,0.4419,0.37592,-0.54621,0
E15,T04,2.69079,-0.66214,0.17281,0.78591,-1.35466,0
E16,T13,0.63699,0.23657,-0.59548,-0.52771,0.49341,0
E20,T12,-1.50005,0.28296,-1.55511,2.51711,-1.26259,0
E16,T06,0.61412,-0.45614,-1.50755,0.13949,0.46095,0
E25,T14,-0.86492,0.59941,-0.7094,-0.2201,-1.11391,0
E28,T01,-1.86649,-1.50419,0.22377,-0.66498,-1.70074,1
E20,T11,-1.46249,-0.43799,-0.44011,-2.42786,-0.40944,0
E32,T10,-3.41794,-0.48062,-0.89488,1.39647,-1.06261,1
E30,T02,1.07311,-0.88095,0.69359,0.83534,-0.684,1
E25,T03,-0.85355,-2.27556,0.87176,0.51621,-0.665,0
E07,T08,-1.01755,1.4893,-1.53907,-1.66923,-0.65417,1
E38,T07,0.29557,1.13765,1.89305,-2.7846,-0.74888,1
E38,T09,0.35506,-0.21073,0.11139,0.54992,-0.07051,1
E26,T13,1.3271,0.19205,0.18446,-0.97929,0.19499,0
E04,T11,-0.50061,-0.05543,-0.91793,-0.97579,0.66241,0
E13,T01,1.99731,-1.45065,-0.8597,0.43026,-2.07471,0
E36,T05,1.41276,1.37827,1.15207,-1.63712,-1.17857,1
E39,T12,-1.90481,-2.10977,-0.54708,-0.86313,-0.40414,0
E01,T16,-1.66482,1.52932,0.09099,-1.10773,-1.01175,0
E11,T05,-3.75899,-0.54608,1.11283,-1.52392,1.26526,1
E30,T08,1.02056,-0.56295,0.23727,-1.33556,1.61802,0
E30,T05,1.02428,-0.7851,0.1391,1.7947,-2.7193,0
E33,T13,0.39869,0.48952,-0.7882,0.09044,0.99718,0
E19,T05,4.53351,-1.49302,-2.08017,0.38789,-0.06033,0
E20,T14,-1.49527,-1.1889,0.74517,-0.90104,0.77356,0
E14,T11,3.36821,-0.39213,-0.76037,1.53424,-0.69502,1
E04,T07,-0.483,-1.74419,-0.53981,1.42854,0.19086,0
E12,T07,1.62386,0.67099,-0.78942,-0.77522,-1.35928,0
E08,T08,-2.07502,-1.8728,-0.52661,1.60378,-1.12867,0
E25,T04,-0.82962,0.26511,1.24398,1.43184,-2.66074,0
E21,T02,2.73642,-1.30444,0.34553,1.01704,1.70194,1
E31,T04,1.04025,1.19826,2.31959,1.18001,0.84108,1
E08,T02,-2.08572,0.62102,-0.43409,-0.94111,-0.36473,1
E22,T02,-1.68946,-0.40274,-0.58659,0.8334,-0.57797,0
E36,T02,1.41145,1.60107,1.44462,1.34345,0.86588,1
E25,T01,-0.85518,-0.94499,-2.74622,0.32588,2.05153,0
E27,T15,-0.18155,0.76419,1.58366,-1.65646,0.66422,1
E12,T01,1.58678,-1.81981,0.65263,0.60718,-0.77173,0
E38,T05,0.31363,0.75914,-0.84898,-1.48911,0.08837,1
E20,T15,-1.44687,0.80013,-0.78301,0.09246,1.28064,0
E32,T08,-3.439,-0.80866,0.02007,-0.16763,-0.7551,1
E05,T08,-2.20108,-0.75068,1.19566,1.49632,-0.11582,0
E08,T01,-2.0839,0.14332,-0.62693,0.63551,-0.70052,1
E20,T02,-1.437,-0.48033,1.63615,0.1512,-0.54596,1
E38,T06,0.33344,0.60641,-2.16037,1.05234,1.04332,0
E03,T15,-0.03387,-2.32052,-1.17548,1.7396,0.12714,0
E01,T06,-1.6271,0.53619,0.55972,-0.344,-0.28585,0
E05,T12,-2.22086,-0.35919,0.63821,0.25403,-1.04382,0
E07,T13,-1.01685,-0.78339,-1.69339,-0.76363,-0.29042,1
E27,T11,-0.17686,-0.50197,0.08464,-1.07179,-1.01925,0
E36,T01,1.42722,0.69557,0.75399,-0.05468,2.25828,1
E38,T04,0.30337,0.76366,1.5869,0.23503,-1.04696,1
E39,T14,-1.90263,0.84709,1.82129,-0.91169,-0.63263,1
E37,T10,1.24134,-0.27147,-0.1966,-0.20394,-1.50456,1
E39,T15,-1.90019,0.05459,0.0207,0.55041,1.0606,1
E35,T09,-3.30958,0.01457,-1.1817,-0.08467,-1.24873,1
E38,T11,0.32833,1.22447,1.16697,0.21458,-1.12752,1
E09,T04,-0.96732,-0.57904,0.96125,0.69982,-0.38752,1
E14,T04,3.39088,1.17728,-0.83608,0.16675,-0.30717,1
E14,T14,3.39038,-0.86239,0.53472,1.01972,0.73578,1
E09,T08,-0.99422,-0.23569,-0.14975,1.29782,0.53022,1
E19,T02,4.51894,-0.95363,-1.56174,-1.96846,2.3023,0
E21,T06,2.75076,1.93879,-0.53494,-0.77952,-0.31547,1
E21,T14,2.78328,1.44198,0.00915,-0.1311,-1.13882,1
E06,T02,0.71994,-0.02738,0.17435,0.22596,0.92018,0
E32,T05,-3.4506,-0.98943,-0.64809,0.27164,-0.05985,1
E28,T05,-1.85945,1.41193,-0.44471,-0.4976,1.11657,1
E01,T13,-1.62481,0.31363,-0.55166,-0.21986,-0.40285,0
E02,T10,2.27724,0.28492,0.532,0.27571,-1.141,1
E22,T15,-1.6768,1.17865,0.55924,-0.23745,0.68628,1
E02,T02,2.2767,-0.55402,1.26585,-0.02284,0.85008,0
E19,T03,4.55907,-0.37,-1.65659,0.61148,-0.38242,0
E10,T11,-3.79377,1.3808,1.2582,-1.11783,0.16095,1
E39,T09,-1.94804,1.00546,0.66265,0.72132,1.96779,1
E01,T09,-1.63351,-0.37107,-0.65753,-0.47164,0.45528,0
E23,T06,-1.55446,0.40164,-0.85318,0.84634,2.23334,0
E17,T02,0.46002,-0.85181,0.76718,1.65942,-1.27096,0
E23,T05,-1.55222,0.63322,-0.72605,0.29285,1.28586,0
E36,T16,1.42415,0.99284,1.40306,-0.49066,-1.31159,1
E24,T01,0.75121,-0.34941,-1.3123,-2.10394,0.02263,1
E06,T04,0.69559,0.57296,0.92821,0.85559,-1.01673,0
E12,T02,1.60451,1.22223,0.80939,-0.35002,-0.09817,1
E14,T09,3.37866,-0.49606,0.29718,-0.66792,0.70894,1
E23,T13,-1.57542,0.57105,0.82778,2.05172,1.11669,1
E25,T11,-0.82361,2.7643,1.37495,-0.95719,-0.05131,1
E33,T06,0.39325,0.79397,-0.18904,0.28375,0.52043,0
E37,T07,1.21985,-0.7936,-0.3499,0.68773,-2.01408,0
E14,T16,3.40654,-0.03369,0.83443,-0.65302,-1.69425,1
E11,T14,-3.72981,-0.71206,-0.28343,0.50327,0.20327,0
E37,T09,1.23202,0.62352,-0.79247,-1.22019,1.23777,1
E29,T11,-3.24871,0.4667,0.08899,-1.52151,-0.13408,1
E34,T02,1.07571,0.32626,0.21262,1.00024,2.06903,1
E12,T14,1.61436,1.6545,-1.17336,-0.0133,1.35745,0
E16,T15,0.63545,-0.20084,0.54002,-0.3442,1.21658,0
E28,T03,-1.87638,1.24467,1.38404,0.45652,0.96636,1
E19,T01,4.53726,0.01175,-0.0777,0.92617,0.29761,0
E36,T12,1.37552,-0.73992,0.34572,0.58656,-1.11415,1
E02,T07,2.26698,-0.33012,3.08618,0.31965,-0.27953,1
E15,T03,2.72455,0.80505,-0.22914,1.31559,1.84178,0
E34,T11,1.06059,-1.1493,-1.69019,-1.06312,-0.50822,1
E17,T01,0.41373,-0.69896,1.59931,0.80549,1.77771,0
E32,T16,-3.46435,1.04619,-0.25967,0.75236,1.95655,1
E20,T01,-1.47694,0.48739,-1.18637,1.14092,-0.13548,0
E05,T13,-2.19943,1.45898,0.51405,0.15461,-0.7791,1
E08,T14,-2.10001,-1.37219,-1.95026,-2.04057,1.06534,0
E27,T07,-0.1512,0.74233,-2.62186,0.92428,1.59548,0
E02,T16,2.30701,1.86859,0.55934,0.13128,1.21338,1
E14,T06,3.3591,0.16894,-1.15031,0.43881,0.70713,1
E40,T08,-4.74033,0.05741,0.22048,-1.361,1.3198,0
E24,T02,0.73387,-1.48621,-0.78587,-0.1367,0.82999,1
E27,T12,-0.14643,2.00526,-0.22286,-0.15095,1.12412,1
E39,T07,-1.91666,2.3306,-0.45427,-1.18144,0.93755,1
E30,T04,1.00504,-1.59492,0.69804,0.78001,1.17328,0
E12,T16,1.59912,-1.91892,0.19848,-1.01074,1.39233,0
E17,T04,0.44037,0.26376,0.50849,-0.73573,1.10003,0
E13,T06,1.97722,0.03429,-0.84436,0.19746,-2.38978,0
E08,T11,-2.04497,0.21838,-0.13269,-0.00202,0.23402,1
E01,T11,-1.64336,-0.65394,0.60563,0.87965,-0.89321,0
E17,T06,0.40049,-1.05951,0.63728,-1.24749,0.29007,0
E03,T05,-0.00982,-1.26357,-0.21636,0.43238,-0.12859,0
E10,T06,-3.77669,0.65047,0.02723,-1.1618,-0.70433,0
E05,T16,-2.20763,-0.23606,0.20859,0.70334,-0.9477,0
E01,T15,-1.65757,-0.46114,0.31779,-1.01382,-0.62,0
E14,T01,3.39501,0.33669,0.04808,1.83688,-0.02179,1
E13,T08,1.97795,0.82489,0.22197,-0.09171,0.99939,0
E16,T10,0.65506,0.81066,-0.07028,-1.4919,-0.69955,0
E13,T03,1.97738,-0.90027,-0.59226,0.65513,-0.06821,0
E30,T06,1.03885,-0.65181,-1.71794,0.68794,1.42418,0
E17,T03,0.48076,0.91708,-0.10813,-1.34508,-0.40502,0
E02,T14,2.27853,-2.09756,-1.23656,-0.00429,1.13437,0
E01,T14,-1.68903,0.44799,1.69921,1.32206,-0.77703,0
E32,T14,-3.43177,0.17183,-0.99139,0.3708,-0.44335,1
E32,T12,-3.43284,0.39082,-0.09445,1.1628,-0.70878,1
E29,T04,-3.22946,-2.00028,-0.24872,0.16098,1.21533,0
E33,T15,0.38696,0.48954,-1.14078,0.22053,-0.60344,0
E30,T13,1.05139,-0.35836,-1.31143,0.86188,1.44953,0
E06,T14,0.7292,0.6078,-1.28881,0.25524,-0.15727,0
E19,T06,4.53624,-0.13914,1.69192,-0.23227,-2.65446,1
E07,T11,-1.00557,-0.09054,-0.52834,-2.00915,-0.02983,1
E26,T10,1.31073,1.57922,-0.78883,-1.11546,-0.6922,0
E21,T07,2.80107,0.58971,1.75412,-0.6391,1.33104,1
E09,T06,-0.97954,0.31695,0.44263,0.11006,0.26718,1
E33,T09,0.40613,0.16292,0.24945,-0.70807,0.27014,0
E09,T09,-0.98739,1.66683,-0.88266,0.87891,-1.43423,1
E10,T12,-3.82069,1.05349,1.48423,-0.56275,0.26555,1
E12,T15,1.61721,-0.9426,-1.16714,0.41918,-0.30505,0
E20,T04,-1.48936,-0.67526,0.95685,0.30721,0.8566,0
E17,T12,0.42083,-0.14562,-1.6222,0.47167,-0.49304,0
E01,T08,-1.65106,-0.20771,-0.98607,-0.09181,0.08378,0
E37,T12,1.27973,0.16847,0.8222,0.42526,-1.18668,1
E24,T15,0.73171,0.64637,0.06657,0.56824,-0.92993,1
E21,T03,2.76283,-0.51544,0.53675,0.53144,0.81064,1
E02,T06,2.28575,-0.72227,1.50314,0.58555,0.33142,0
E36,T07,1.37884,1.32587,1.63445,2.13851,-1.00136,1
E33,T01,0.4113,1.69047,-0.03713,0.58564,-0.05328,0
E11,T16,-3.71716,2.072,0.6168,0.53133,-0.18095,1
E32,T09,-3.42092,1.03308,0.86755,-2.63852,1.27422,1
E14,T13,3.36439,-0.33809,1.04621,-0.52444,-0.89845,1
E33,T08,0.36428,0.96881,-0.14384,0.12162,-1.11015,0
E23,T10,-1.56663,1.32371,0.55253,-0.78999,-1.13603,0
E35,T02,-3.33933,0.81687,1.07874,-0.77345,-0.06212,1
E40,T07,-4.6782,-1.13544,-1.10321,-0.15773,-0.51185,0
E22,T05,-1.69256,-0.71272,-0.30972,0.97182,0.09377,1
E16,T16,0.6464,-2.58881,0.90202,-0.80268,0.13554,0
E38,T08,0.3084,-1.72594,-1.66386,-2.67827,-0.50374,0
E16,T11,0.61083,0.70209,0.03232,-0.22983,1.04036,0
E28,T15,-1.8555,0.32241,0.11284,0.83324,0.82633,1
E16,T03,0.64223,0.88868,-1.3946,1.02352,-2.64037,0
E39,T13,-1.92695,0.29678,-0.96731,0.58852,-0.27717,0
E05,T06,-2.22599,0.68888,0.90916,0.77669,0.25781,0
E31,T02,1.10354,1.27154,0.97997,-0.2148,-1.05555,0
E09,T13,-1.00555,-3.24535,0.3879,-0.94661,0.23772,0
E06,T07,0.72476,1.88884,0.04571,-0.06534,-0.97533,0
E20,T07,-1.44265,-1.67687,0.02787,0.40638,-1.64775,0
E31,T12,1.11048,1.12899,0.29971,-0.01879,0.48374,0
E40,T15,-4.71561,1.10518,0.27417,-1.67922,-0.94203,0
E03,T09,-0.06624,0.61864,2.06955,-2.33201,0.79131,1
E04,T04,-0.51747,0.30521,1.63274,0.02273,-1.28854,1
E26,T04,1.33748,-0.36847,0.12574,-0.90572,-2.49963,0
E03,T01,-0.07529,1.29698,-0.80264,0.26176,-0.11168,0
E14,T10,3.4058,0.6165,1.62203,-0.26419,-0.26607,1
E34,T14,1.03002,0.45209,0.26189,1.18962,-0.37248,1
E01,T07,-1.62794,1.65616,1.25951,-0.24882,0.14317,1
E21,T11,2.73692,2.9358,0.3647,1.63288,-1.56614,1
E29,T13,-3.248,0.03138,-0.02809,0.26557,-0.003,1
E10,T04,-3.78927,-0.51365,1.48994,0.38505,-0.93568,0
E15,T02,2.66006,0.44385,-1.30325,0.48313,0.32387,0
E04,T06,-0.4852,-1.45299,-0.04717,0.37434,1.02915,1
E33,T07,0.45649,1.57343,0.6541,0.53852,-0.24591,0
E23,T16,-1.56977,0.55122,-0.69539,0.3312,-1.57506,0
E21,T04,2.78069,-0.83047,0.98991,0.64485,-0.0868,1
E33,T02,0.4011,2.0177,0.19329,0.2823,-0.90317,0
E39,T05,-1.9338,1.2223,0.20085,-0.51229,-0.65205,1
E40,T09,-4.68877,1.0145,0.50986,-0.2944,-0.0693,0
E23,T15,-1.57148,-0.78036,-0.80009,-1.98874,-0.84278,0
E09,T07,-1.00031,1.82257,-0.97942,1.22681,0.5025,1
E12,T06,1.6159,0.51234,-1.0405,0.33119,1.6264,0
E29,T15,-3.22164,0.98233,0.58125,-2.21482,0.59851,1
E09,T12,-0.93833,-0.3712,1.13085,-0.47427,1.06037,1
E34,T10,1.0872,0.91826,2.09967,0.62882,0.61918,1
E14,T02,3.36231,-2.05495,1.8689,-0.06554,-0.29643,1
E28,T14,-1.92213,-0.81337,1.75444,-0.3176,-0.69777,1
E33,T05,0.42869,-1.67824,-0.18836,0.40926,-1.24034,0
E04,T08,-0.50241,-0.16373,0.44109,-0.92408,1.00284,1
E18,T13,4.07914,1.07845,1.0706,-0.74599,-0.27577,0
E13,T12,1.96812,-1.18888,-1.398,-0.552,-0.02754,0
E34,T03,1.08451,-0.39401,1.62296,1.6767,-0.6847,1
E06,T08,0.70546,-1.58833,0.64866,0.30518,0.79364,0
E27,T01,-0.15406,-1.12138,1.53097,1.08353,1.15755,1
E06,T01,0.69289,-0.47874,-0.30761,-0.95803,-0.35283,0
E08,T06,-2.081,0.52915,1.1482,-0.10011,-1.2586,1
E13,T14,1.99509,0.83666,0.35159,0.36458,-1.17555,0
E39,T06,-1.91282,-0.35431,-1.14894,-1.40717,0.41408,0
E16,T02,0.63919,0.70496,-2.37686,1.63546,-1.52177,0
E33,T11,0.41872,-0.81224,0.08446,0.70711,0.24663,0
E37,T01,1.22919,-3.66833,-1.32024,0.89453,-0.72318,0
E11,T13,-3.74253,1.92909,0.47024,1.22956,1.21214,1
E29,T02,-3.20461,-0.03123,-1.28292,0.04114,-0.82137,0
E07,T12,-1.03413,0.24545,-0.62154,0.39697,-0.35708,1
E06,T13,0.70094,-0.42056,0.09627,-1.18437,1.54067,0
E16,T05,0.64717,1.8892,-0.1534,1.17791,0.3741,1
E07,T04,-1.02334,-0.43725,-1.61177,0.09717,-1.24255,1
E14,T05,3.35524,1.22263,-1.03023,-0.32291,0.02386,1
E26,T07,1.33478,-1.13938,0.91625,-1.54317,-0.47121,0
E29,T06,-3.21691,-2.24491,-1.97377,-0.16657,-0.43265,0
E10,T09,-3.82056,0.36613,1.01024,-0.60246,1.29008,1
E35,T04,-3.27535,0.84823,-2.18568,0.56106,-0.04438,1
E17,T15,0.46088,2.36136,2.08599,-0.29598,-1.06869,1
E28,T16,-1.857,-0.00704,1.66575,1.2953,-0.72191,1
E31,T11,1.10032,0.70346,-1.38556,-0.45507,0.09111,0
E39,T01,-1.87519,0.29214,-0.94683,-1.21992,1.12079,1
E10,T08,-3.83772,1.11267,0.70664,0.6788,1.06209,0
E19,T04,4.52403,0.15726,0.16015,0.7787,0.00256,1
E13,T07,2.0104,-0.52116,0.07361,-0.88742,0.60418,0
E15,T08,2.6536,0.53562,1.10898,-0.50018,0.62493,1
E35,T12,-3.29718,1.0429,-0.48742,-0.11256,0.25061,1
E09,T05,-1.01442,-2.07146,0.12204,-0.73565,0.99485,0
E11,T08,-3.69907,2.18769,-0.07211,0.43646,0.18373,1
E09,T15,-0.98716,1.67904,-0.61532,-1.33144,1.83277,1
E22,T03,-1.6764,-0.14885,1.26784,-0.16708,0.3812,1
E38,T10,0.33535,-2.56522,-0.53756,0.32246,-0.47572,0
E10,T02,-3.82519,-1.83702,-1.00169,-0.31784,0.52309,0
E11,T04,-3.70782,-0.79882,-1.92452,0.2845,0.54451,0
E27,T05,-0.15481,0.80825,1.00541,-0.81855,-1.13726,1
E02,T15,2.31888,0.57835,-0.732,0.08317,2.1875,0
E30,T14,1.0342,-1.18002,0.36135,1.47102,0.25024,0
E35,T11,-3.29785,1.91704,1.54875,-1.14058,0.81085,1
E07,T01,-1.0085,0.1505,-1.08329,-0.34017,0.86102,1
E39,T03,-1.97336,1.13252,1.00982,0.95765,1.28394,1
E05,T04,-2.20276,-0.09996,0.62635,-0.43906,0.05569,0
E15,T16,2.66548,0.43737,-0.99046,-0.12781,0.2542,0
E11,T15,-3.72477,-1.01067,-0.16025,-0.13605,0.88608,0
E38,T13,0.35731,-0.16279,1.88572,0.96922,-0.90749,1
E37,T03,1.2891,0.44585,-0.39558,0.78263,-0.73854,1
E28,T02,-1.85797,0.24376,0.76111,0.41248,0.66846,1
E15,T12,2.70811,-0.38497,-0.09282,1.50924,0.99541,0
E21,T10,2.74633,-0.90861,-0.56148,0.86785,0.53264,1
E15,T01,2.70451,-0.85188,1.07073,1.17817,-1.4399,0
E08,T04,-2.07664,-0.66898,0.12267,0.22358,2.25039,1
E16,T08,0.63866,-0.88026,1.48075,-0.55176,-0.03852,0
E32,T11,-3.45197,-1.22049,1.04236,-0.81409,0.40554,1
E03,T11,-0.0726,0.97854,1.38936,1.41199,0.35833,0
E12,T12,1.62416,0.69631,-0.67824,1.43828,-1.91842,0
E04,T03,-0.52004,0.79971,-1.22745,-1.30229,0.76039,1
E30,T12,1.07548,0.93593,0.47289,-0.61084,0.77106,1
E08,T12,-2.12337,0.50714,1.97105,0.39648,1.06527,1
E05,T05,-2.19445,-0.96597,-1.11703,-0.84128,-0.03976,0
E25,T05,-0.81947,1.44602,-1.09816,1.66835,1.33612,0
E11,T07,-3.73368,-0.41151,0.39746,1.52913,1.21907,1
E17,T13,0.44109,-1.02641,-0.12479,-0.1998,-1.65883,0
E33,T03,0.40752,-0.63676,0.12405,0.06281,-0.93608,0
E28,T11,-1.83512,1.61704,1.24657,-0.04156,0.0866,1
E30,T11,1.07507,-0.53045,-0.43687,1.40353,0.14481,0
E10,T16,-3.83804,0.95609,0.06664,-2.63879,-0.00819,0
E29,T07,-3.2928,0.26321,0.588,-1.88286,-1.04835,1
E29,T14,-3.25689,0.52778,0.93511,-0.81106,-3.05436,1
E13,T04,1.97969,-1.72749,0.08128,0.42912,-0.16358,0
E15,T11,2.62073,0.11091,-0.58187,-1.64588,-0.59444,0
E22,T08,-1.70066,0.51627,-0.6697,0.96518,-0.33579,1
E29,T10,-3.20128,0.12357,0.41273,0.68315,-0.93593,1
E24,T05,0.7674,-0.11219,-0.05548,-0.17974,-2.17128,1
E40,T04,-4.68351,1.10169,0.60333,-0.07523,-0.32494,1
E37,T06,1.23044,0.04064,-0.21784,0.277,0.60982,1
E03,T10,0.00015,2.01119,0.11388,-2.16312,-1.55604,0
E33,T04,0.4022,-1.63298,0.30895,-0.97856,-0.65509,0
E22,T07,-1.71987,-1.00361,0.91603,-1.0395,0.6867,1
E40,T13,-4.68444,-0.55297,1.04091,-0.71147,-0.35704,0
E31,T05,1.08869,0.46002,0.39422,2.62823,0.88931,0
E08,T07,-2.06497,0.37277,0.8229,-0.36833,0.50755,1
E07,T16,-1.03963,-1.55118,-1.2585,-1.41845,1.14434,1
E34,T12,1.08638,0.33105,0.70662,0.68309,-1.89036,1
E02,T01,2.2726,0.75341,-0.71931,0.05545,2.65184,1
E30,T01,1.10128,-1.95828,0.99944,1.21118,-0.98424,0
E26,T06,1.3031,1.41612,-0.55398,-0.30951,-1.05076,0
E04,T13,-0.50061,-0.59836,0.87433,-0.42516,0.24323,1
E27,T04,-0.17762,-1.43765,0.46713,-1.0602,0.4818,0
E35,T07,-3.28771,0.08473,-0.78351,0.74853,1.34112,1
E36,T11,1.44517,-0.34621,-0.40651,0.09528,-1.42073,1
E26,T08,1.37887,1.6094,2.03604,-0.87725,-1.44868,1
E26,T02,1.30274,-0.99536,-1.13954,-0.14211,-0.65529,0
E18,T10,4.07237,-0.53761,-1.80418,-0.60931,0.9876,0
E36,T10,1.41608,1.41676,-0.5865,0.98693,0.77691,1
E40,T03,-4.72757,-0.9387,0.80744,-0.95064,-1.24625,0
E16,T14,0.63069,-0.30649,-2.46364,1.39947,0.79164,0
E36,T14,1.41819,-0.67855,-0.37332,-0.93505,-1.19684,1
E13,T05,1.96785,-0.26031,-0.49279,-1.15026,-0.75835,0
E04,T02,-0.5526,-0.31137,0.24736,0.25377,-0.2688,1
E18,T08,4.00677,-0.28648,0.59987,0.08376,1.60474,0
E27,T16,-0.16749,-1.55482,0.73541,-0.1921,0.41128,0
E14,T12,3.36201,1.13792,0.58991,0.43203,0.47258,1
E37,T16,1.22172,1.307,-2.23582,-0.32697,-0.01702,0
E07,T07,-1.01401,0.69747,0.48957,-0.52917,0.19762,1
E34,T05,1.06455,1.07392,-0.82519,0.29239,0.72927,1
E37,T15,1.21746,-0.80894,-1.68246,-0.62203,-1.45716,0
E24,T06,0.70433,-0.12932,-0.18767,-1.02419,0.97828,1
E16,T12,0.61047,0.76071,-1.18808,1.16779,0.26589,0
E22,T10,-1.68147,-0.27852,-0.04503,0.92561,0.60662,1
E24,T13,0.75035,1.35461,-1.0472,-0.33422,0.55238,1
E30,T03,1.03163,-0.31735,-2.47444,-2.36127,-0.23426,0
E07,T03,-0.97564,1.94424,-0.26153,0.11298,0.49153,1
E25,T13,-0.79499,0.21913,0.59178,1.89078,-2.22553,0
E14,T08,3.3948,1.92209,0.13229,1.17273,-1.18712,1
E27,T02,-0.15972,0.59364,1.46831,0.18108,0.48071,1
E11,T10,-3.71244,0.14613,-0.20988,0.87403,1.54944,1
E40,T06,-4.7013,-0.34091,1.23708,1.38489,0.59211,0
E15,T13,2.72088,-0.50343,-0.41079,-0.85574,-1.38491,0
E09,T01,-0.98133,-1.20693,-0.36693,1.63335,0.37098,1
E01,T10,-1.6142,-1.32398,-2.77684,-0.40881,0.15053,0
E13,T16,2.0074,-0.49268,2.14023,-0.41835,-0.18364,0
E19,T14,4.53717,-1.21041,-1.28686,-1.59928,0.63723,0
E07,T14,-1.01897,-0.1729,1.61795,1.09442,-0.83086,1
E22,T12,-1.68567,-1.36139,-1.36782,-0.12322,2.32424,0
E30,T15,1.02269,-0.51165,2.32737,1.52123,-0.1099,1
E12,T10,1.60858,1.94293,-1.2014,-2.75322,-1.83214,0
E28,T10,-1.86065,0.6773,0.10661,0.11769,-0.57641,1
E30,T16,1.02961,-0.41345,1.85407,0.30656,1.10625,1
E18,T06,4.00901,0.21669,0.38874,1.83763,0.7191,0
E17,T08,0.43722,-1.31764,-0.25871,-0.2137,-1.30565,0
E29,T12,-3.23014,1.16309,2.02928,0.00204,1.59212,1
E05,T11,-2.19418,-1.33638,-0.5958,0.20395,-0.67014,0
E34,T15,1.08111,1.46166,1.01283,-0.31164,-0.02166,1
E18,T09,4.01317,0.14905,-2.20678,0.4038,1.4276,0
E40,T10,-4.70644,0.13209,0.92512,-0.02041,-1.1556,0
E12,T11,1.58894,-0.45461,0.71885,-0.33252,0.00724,0
E04,T05,-0.49073,0.69786,-0.95417,0.31805,0.07852,1
E07,T15,-1.01089,2.12698,0.84967,0.72611,-0.81219,1
E01,T05,-1.63675,0.08731,0.47301,-3.10689,-2.44904,0
E22,T09,-1.70298,-0.94191,-0.76559,0.14191,-0.64892,1
E25,T10,-0.84114,1.13188,0.8882,-0.56067,-0.31204,0
E24,T16,0.72666,-0.50207,-1.38824,-0.27616,0.40166,1
E37,T11,1.24207,-0.63154,-0.9844,-2.48183,-0.69494,0
E11,T03,-3.7193,0.55107,0.00535,0.96407,-0.64989,1
E18,T05,4.07863,-0.68616,0.49811,1.27965,-1.33853,0
E10,T05,-3.86717,-1.1373,1.5927,0.60456,0.92801,0
E34,T08,1.07371,0.21651,-0.02074,-0.43547,0.8781,1
E39,T08,-1.93008,0.57916,0.50148,1.12572,-2.8688,1
E32,T04,-3.44282,0.36417,0.02466,-0.48029,1.62873,1
E05,T14,-2.2121,0.94246,1.21625,0.09188,0.20943,1
E02,T05,2.29589,0.09708,-0.6307,0.4516,-0.69526,0
E06,T03,0.69716,0.02588,0.01309,0.14104,-0.42995,0
E06,T10,0.70505,0.33821,-0.52561,-0.87124,2.2149,0
E37,T14,1.25084,0.31401,-1.46843,-0.65725,-0.13447,0
E04,T16,-0.5083,1.43269,-0.27661,0.30944,0.6401,1
E08,T10,-2.08788,1.21909,0.48225,-0.43645,-0.76338,1
E37,T05,1.24773,0.41945,1.18452,-0.05938,-0.14454,1
E35,T01,-3.27182,0.27229,-0.40212,1.11674,-0.99454,1
E27,T13,-0.19866,-0.57221,1.2955,-0.59192,-0.80102,1
E38,T14,0.3228,0.79399,-0.16218,1.11638,-2.46769,1
E25,T09,-0.84973,0.26222,-0.48542,0.15507,0.79123,0
E18,T12,4.02513,-1.08891,0.89846,0.64396,0.39987,0
E12,T05,1.60701,-0.41332,-1.35873,-0.21301,-0.67153,0
E33,T12,0.4307,-0.54957,0.20217,-0.62955,0.85462,0
E11,T11,-3.71842,0.49747,-0.20641,-1.00348,0.46621,1
E18,T14,4.02578,-0.6556,0.44108,-0.56277,-0.22321,0
E36,T04,1.41263,-0.00488,-1.29234,0.13461,-0.42628,1
E26,T16,1.32677,-0.03714,0.60334,-0.82645,-1.08777,1
E28,T13,-1.8695,-0.20483,1.98808,-1.36068,0.28988,1
E39,T02,-1.97254,0.22956,0.43624,-0.05202,1.24686,1
E02,T09,2.26921,0.91104,-0.11498,-0.30801,-1.87861,0
E16,T07,0.64474,0.85541,-0.54743,-2.06138,-0.04343,0
E16,T04,0.61503,-1.17058,0.75984,0.25211,0.82715,0
E11,T02,-3.72042,0.28122,0.56121,-0.0587,-1.15549,1
E33,T10,0.39426,0.07882,-1.19856,0.00411,0.50634,0
E02,T11,2.29905,-0.24893,1.00641,-1.05436,0.48841,1
E02,T03,2.25469,1.25359,-1.36859,-0.15081,0.86844,0
E22,T06,-1.71217,1.68617,1.11263,0.19617,1.76685,1
E24,T11,0.7433,0.76888,1.01021,0.6165,0.20006,1
E05,T02,-2.19296,-0.99711,-0.35363,-1.47411,0.53173,0
E05,T10,-2.20873,-0.72645,1.65567,0.21577,0.83429,1
E13,T11,2.0183,0.99995,0.51676,0.34992,0.74289,0
E40,T11,-4.68158,1.0465,-1.77451,-0.08599,-0.01903,0
E23,T01,-1.54317,0.09568,-1.09377,-0.25625,-0.0245,0
E03,T12,-0.0523,1.39435,1.24961,0.62977,-1.63325,0
E40,T01,-4.6922,-0.81895,0.1284,0.19172,-1.97674,0
E36,T13,1.39282,0.16423,-0.24819,0.87829,-0.35504,1
E32,T01,-3.38383,1.31888,-0.5208,0.10712,-0.62536,1
E23,T03,-1.5055,2.59814,-0.99181,-1.52319,0.41641,1
E10,T14,-3.84174,0.38065,0.58605,-1.31644,0.23415,0
E31,T03,1.13798,-1.27366,0.7542,1.04878,-1.09712,0
E21,T16,2.76479,0.38913,-0.32838,-1.38784,-0.94491,1
E03,T03,-0.04059,-0.41151,-0.87593,-0.55894,0.6716,0
E29,T05,-3.22091,-0.7723,1.81165,0.8066,-0.55309,1
E14,T03,3.35471,-1.12847,0.05619,0.50917,-1.84977,1
E31,T01,1.07671,-1.03897,-0.56357,-0.70562,0.97019,0
E15,T07,2.66518,-0.6725,0.72737,0.28984,-1.3998,0
E13,T10,1.98241,0.40475,0.52542,0.29603,0.50108,0
E38,T16,0.30357,-0.01999,-0.73883,1.11476,-0.12755,1
E29,T03,-3.2491,-0.92976,0.66984,-0.41095,0.47417,1
E05,T09,-2.18026,0.82258,0.27914,-0.48347,0.27625,1
E17,T11,0.41004,-0.02833,-1.87953,-1.756,-1.21291,0
E22,T13,-1.692,-1.49911,1.08641,1.13306,-1.37653,1
E01,T02,-1.64114,-0.2844,0.98024,-0.36402,-1.12072,0
E24,T12,0.75417,0.74844,-1.13109,1.17585,0.23818,1
E24,T03,0.73733,-1.49503,0.21977,0.2909,-0.43122,1
E39,T16,-1.93288,-0.34152,-1.14175,1.05947,1.52946,0
E15,T09,2.68797,1.35503,1.67946,-0.89834,0.84768,1
E06,T06,0.69758,-1.0754,-0.28772,1.09319,-0.37611,0
E23,T04,-1.55714,-0.48642,-2.2652,0.47315,0.85264,0
E32,T07,-3.41825,0.84005,0.33531,-0.66631,-0.91303,1
E12,T08,1.61974,0.43236,-0.38513,-0.96564,-0.26988,0
E13,T02,2.01778,-0.84457,-0.86306,1.51987,-1.37483,0
E23,T11,-1.53269,1.30602,0.7167,-0.58971,-0.82417,1
E04,T15,-0.49326,-0.47618,1.00965,-1.8504,-0.85581,1
E35,T13,-3.29639,-1.01395,-0.2389,1.10547,1.03414,1
E34,T04,1.08893,-2.37836,-1.00284,1.28885,2.06828,1
E34,T09,1.10645,-1.98878,0.52363,-0.95069,-0.31041,1
E18,T04,4.05491,-1.65708,2.50574,1.20649,0.66556,0
E23,T09,-1.56421,0.1854,0.16949,1.38351,1.35885,0
E09,T11,-1.00527,-1.26977,0.13746,-2.1244,-0.19361,1
E16,T01,0.64997,0.76292,-0.01975,-0.37665,0.98275,0
E01,T04,-1.67096,0.60119,-1.47584,-1.01901,-0.62245,0
E35,T03,-3.3042,-1.17537,0.39882,-0.70661,0.81408,1
E38,T12,0.3312,-0.27508,-0.30162,-0.20144,-1.00603,1
E04,T09,-0.49819,0.39717,1.32214,1.88803,-0.06542,1
E20,T03,-1.51206,-0.04378,0.16313,0.40618,0.85093,1
E40,T12,-4.69565,-0.80693,0.46267,2.10787,3.05093,0
E20,T13,-1.47697,-2.07576,-0.05727,0.56181,-1.35417,0
E16,T09,0.62464,-0.4669,-0.49031,-0.41319,-1.99456,0
E03,T16,-0.04904,-0.56363,-1.08807,-0.44868,0.90513,0
E04,T10,-0.48113,0.57225,0.34316,0.54092,0.38605,1
E21,T12,2.73876,-1.37585,-0.50323,0.91558,-0.2461,1
E03,T04,-0.04587,-1.119,-0.03643,0.55508,3.14911,0
E40,T05,-4.69589,0.89671,1.02325,-1.31012,1.37785,1
E32,T13,-3.45616,-0.06524,1.76316,0.69153,-0.45493,1
E25,T16,-0.8642,0.66964,-1.0223,-0.49957,-1.04474,0
E27,T03,-0.16969,-0.15216,0.13048,0.03351,-0.77426,1
E15,T05,2.69825,-0.33607,1.10899,0.56496,0.38185,0
E07,T06,-1.01582,0.19529,1.09583,-0.00752,-0.85723,1
E24,T08,0.74606,0.23793,-0.48119,-0.79165,-0.84518,1
E31,T08,1.12062,-0.14585,2.28922,-0.83734,0.13128,1
E38,T02,0.32073,0.49342,0.35979,1.49708,0.47973,1
E28,T04,-1.87148,0.36571,-0.51159,0.30091,-1.70381,1
E19,T13,4.51189,2.36537,1.45802,0.76379,-1.43875,1
E22,T04,-1.66936,1.88338,-0.09569,1.13549,3.09137,1
E19,T16,4.52911,0.6451,-0.0318,1.78247,1.71587,1
E37,T02,1.24454,1.62109,-1.02094,-3.13246,0.45526,1
E39,T04,-1.92281,-0.93612,0.14729,1.54954,0.47233,0
E25,T12,-0.8665,-0.23563,0.5683,-0.74476,-0.78114,0
E02,T08,2.28737,-0.39712,-0.11051,-1.67155,0.97101,0
E08,T13,-2.07384,0.69695,-0.17245,0.64046,-0.0309,1
E07,T02,-1.01809,0.37997,0.94095,-1.54677,-0.99891,1
E09,T14,-0.99355,0.10804,-1.0677,0.85481,-1e-05,1
E25,T06,-0.8696,0.37929,-0.87024,0.62902,-0.79257,0
E31,T07,1.09742,0.75833,1.15345,-0.22598,-0.44442,0
E20,T05,-1.42561,-0.31179,0.81251,-0.09832,-1.12489,1
E06,T16,0.71581,0.17479,-0.09159,-0.51135,0.78566,0
E26,T15,1.33846,1.09344,1.95309,-0.3566,-2.14942,1
E02,T13,2.30945,2.40798,-1.45071,-0.05847,-0.58549,1
E27,T06,-0.17392,0.9105,-0.27975,0.81525,-0.78222,1
E29,T08,-3.27199,0.14801,0.79856,1.80005,2.67476,1
E33,T14,0.40822,-1.33446,2.27124,-0.6874,1.15735,0
E06,T05,0.69353,0.38639,0.08392,0.4178,-0.00069,0
E11,T09,-3.7093,-0.38248,0.3804,0.57586,0.13095,1
E34,T07,1.07461,0.54016,-0.74489,-0.6875,0.09807,1
E18,T01,4.05849,-0.43579,-0.27949,1.03411,-0.56418,0
E13,T13,1.97705,-0.84724,-1.02201,0.22524,-0.67142,0
E15,T06,2.67795,-1.56472,-2.30409,0.42145,-0.72135,0
E24,T14,0.72353,-0.05499,-0.28979,0.29151,0.38351,1
E20,T16,-1.44402,2.29758,0.12659,2.08326,0.50432,1
E30,T09,1.03657,-0.62008,-0.99677,-1.11448,0.6553,0
E35,T06,-3.27209,0.85833,-1.03027,-0.69147,1.21177,1
E26,T11,1.3585,-0.74145,1.73787,-0.42274,-0.71793,0
E17,T10,0.44311,0.37808,0.17444,-0.28175,0.55432,0
E14,T07,3.35697,1.11155,0.3567,-0.18676,-0.77454,1
E11,T06,-3.69136,-0.89214,0.07689,0.47947,0.86449,0
E38,T01,0.32424,-0.42777,-0.25253,-0.4786,-0.58199,1
E08,T09,-2.08317,0.29841,1.5838,-0.43684,0.33148,1
E25,T07,-0.82136,-2.06846,0.79215,-0.3815,-0.87885,0
E32,T15,-3.43844,-0.80982,0.15138,1.34014,1.51444,1
E08,T03,-2.0933,-0.57445,1.49522,-0.62256,-0.74322,1
E01,T01,-1.62102,-1.3274,-0.26382,1.08191,0.50238,0
E01,T03,-1.65819,0.19534,1.15399,0.14733,-0.69213,0
E26,T14,1.35387,-0.83647,1.24821,0.89603,-0.65243,1
E23,T07,-1.57095,-1.93487,0.73026,0.22553,0.26532,0
E03,T02,-0.01433,0.88015,-0.58978,0.51017,-0.62354,0
E06,T15,0.72263,-0.53818,-1.31965,-1.2445,-0.11717,0
E19,T12,4.56196,-0.05214,-0.4363,2.42355,0.33407,1
E02,T04,2.29236,1.12286,-0.17602,-0.53705,-0.37965,1
E24,T09,0.77866,1.12658,1.77054,0.30472,-0.26374,1
E19,T10,4.52836,0.00035,-0.65646,0.62431,-0.24205,0
E35,T10,-3.29861,1.41843,-0.20895,-1.60381,-1.60526,1
E18,T15,4.04822,-0.48858,-0.20241,1.38759,0.17795,0
E36,T03,1.42146,0.43826,1.51404,-0.24703,-1.44393,1
E18,T02,4.06811,1.63306,-2.25158,-0.16259,1.19072,0
E06,T09,0.68832,-0.31865,0.25808,-0.95416,1.00014,0
E28,T12,-1.88524,0.06988,0.04199,1.14711,-0.33335,1
E06,T11,0.71467,1.70662,0.06007,-0.50875,1.34157,0
E23,T12,-1.5286,-0.09263,1.26708,0.90173,0.84491,1
E25,T15,-0.82583,-0.15847,0.27455,-0.19246,0.14869,0
E28,T07,-1.8817,0.13031,-0.10632,0.78954,-2.89588,1
E37,T13,1.25133,0.60074,1.15149,-0.11851,2.73559,1
E12,T13,1.59559,0.63989,0.49056,0.59769,-1.87149,0
E25,T02,-0.83003,0.51172,0.5692,1.05901,-0.18411,0
E10,T01,-3.82481,0.08897,-1.34408,-1.45314,1.60861,0
E29,T01,-3.23272,0.62146,-0.06534,0.14434,-0.95333,1
E06,T12,0.69378,-0.17776,-0.12251,1.02103,-0.76555,0
E40,T16,-4.71707,-0.71882,-0.89901,1.53293,1.31404,0
E30,T10,1.0849,-1.2812,-0.07191,0.62692,-1.88767,0
E10,T03,-3.80647,1.69263,-1.46739,0.23451,0.4454,1
E11,T01,-3.71216,2.13932,-0.59048,-1.24749,0.07367,1
E13,T09,2.00295,0.51554,0.48308,-0.13823,2.51867,0
E10,T13,-3.82037,-1.1112,-0.73589,0.71491,-0.08262,0
E27,T08,-0.16206,-0.94378,-2.33543,0.50708,0.00264,0
E03,T06,-0.02883,-0.76371,-0.03128,-0.58248,0.55748,0
E28,T06,-1.87166,0.00376,-0.36217,-0.7314,-2.89424,1
E32,T03,-3.42536,0.25333,-0.55145,-0.45604,0.65223,1
E31,T15,1.08777,-1.37704,1.40426,-0.01603,1.03967,0
E38,T15,0.34703,1.0979,0.08192,0.41624,-0.90274,1
E21,T05,2.75525,-1.14182,1.04302,0.37739,1.07155,1
E17,T07,0.44978,-0.06453,1.00936,-1.38784,-0.6551,0
E18,T03,4.01781,0.38432,0.13324,-0.93818,0.00587,0
E04,T14,-0.49372,1.14368,-0.74646,0.39929,-0.06507,1
E14,T15,3.40726,-0.20588,-0.45731,-0.53432,1.41066,1
E34,T01,1.09322,0.35695,-0.43755,0.84212,0.30471,1
E08,T15,-2.07006,-0.94345,-1.51284,0.37699,0.74411,0
E26,T12,1.33375,0.34343,-0.44071,0.82745,0.13799,1
E29,T09,-3.22774,1.68985,-0.10396,0.86877,-1.05596,1
E40,T14,-4.69819,-1.46818,-1.41365,0.98184,0.20246,0
E23,T08,-1.58365,-0.95692,-0.575,0.76737,1.61964,0
E39,T10,-1.93679,1.97632,0.30312,-0.77076,-0.38065,1
E40,T02,-4.73686,-2.12361,-0.60939,-1.30075,-0.07842,0
E12,T04,1.61728,0.41297,0.01317,0.68652,0.25039,0
E31,T06,1.09821,0.56648,-0.58763,1.12496,-0.59398,0
E04,T01,-0.48654,0.2154,-0.40772,-0.71514,-0.22255,0
E02,T12,2.29573,0.3342,-0.0635,-0.12999,-0.61284,1
E10,T15,-3.81456,-1.68919,1.86045,-0.514,-0.15188,0
E20,T10,-1.42829,-1.22367,-1.48955,0.32028,0.70218,0
E31,T14,1.08647,0.33948,1.17284,-0.4915,-1.95501,0
E27,T09,-0.15299,0.17779,-1.01455,-0.19032,-0.65648,0
E23,T14,-1.55249,0.87598,0.59381,-0.0009,0.29133,1
E19,T15,4.54862,1.27614,1.54415,2.63305,1.46518,1
E19,T08,4.54026,0.26528,-0.22417,0.60683,-0.54675,0
E01,T12,-1.67078,-0.2181,-1.34814,0.70462,-0.46702,0
E04,T12,-0.48467,0.93624,1.84111,0.00815,-0.24697,1
E15,T10,2.68396,1.1239,1.14939,0.04241,-1.44451,1
E09,T10,-1.01456,-0.88944,-0.16018,0.12455,-0.61657,0
E21,T15,2.7838,-0.83402,-1.39875,1.60787,0.17186,0
E24,T04,0.73728,-0.1994,0.63749,1.98553,1.9712,1
E23,T02,-1.54173,0.77203,-0.10209,-0.48204,-0.43211,0
E05,T01,-2.17765,-1.58908,0.50966,-1.47879,-1.28078,0
E07,T05,-1.00889,-0.46446,0.31138,-0.83006,-1.01253,1
E10,T07,-3.83448,-0.79346,-1.06619,0.53085,-0.10671,0
E21,T13,2.72899,-0.13091,-1.27522,-0.42867,0.14686,1
E27,T14,-0.19703,-0.44465,0.2119,0.72453,-1.87259,0
E36,T08,1.41833,-0.8351,0.55469,0.24998,0.69646,1
E27,T10,-0.1338,-0.1322,1.47469,0.00367,0.87786,1
E15,T15,2.6661,1.14951,-0.1936,-0.59569,-0.22155,0
E19,T11,4.5531,-0.70816,-1.30001,0.16457,-0.64731,0
E09,T16,-0.98007,0.67478,1.49323,0.08321,0.09747,1
E21,T08,2.74726,-0.19212,0.87682,-2.54555,-0.12522,1
E26,T09,1.34894,0.58163,0.22251,-0.91535,-0.50151,0
E26,T01,1.32816,0.67185,0.09926,-1.11734,-1.42047,0
E37,T08,1.22067,0.44277,-0.84443,1.78693,0.57566,1
E18,T11,4.06358,-1.41867,-1.49425,-0.1619,-1.68059,0
E08,T05,-2.0692,-0.10235,0.63554,1.2045,-0.19436,1
E35,T14,-3.27324,-1.43706,0.61714,-1.78014,0.67468,1
E21,T01,2.78051,-0.46533,1.24135,0.20265,-0.9959,1
E22,T01,-1.70452,-0.35964,0.63353,-0.20237,-0.09981,1
E12,T09,1.5655,0.39583,1.44866,0.20518,-0.35548,0
E09,T02,-1.00187,-0.61276,-0.11743,-0.38474,-1.31591,1
E11,T12,-3.69059,0.62441,0.71052,-0.66436,0.4813,1
E03,T14,-0.05633,0.948,1.41174,0.38959,-0.72092,0
E37,T04,1.26868,-0.56088,-0.14415,0.73629,-1.91726,0
E34,T06,1.08832,-2.73841,0.12068,0.78904,0.91049,1
E34,T16,1.06597,0.92778,-0.92534,-0.49508,1.8487,1
E25,T08,-0.79617,-0.2804,0.86347,0.18465,1.04863,0
E31,T09,1.07916,-0.83125,1.49219,0.66212,-1.23972,0
E20,T06,-1.46617,0.46442,0.07343,0.5711,-1.69953,1
E28,T08,-1.86866,-1.29918,-0.12555,0.25001,0.39395,0
E03,T07,-0.01059,0.57521,0.74082,0.18612,1.5164,0
E26,T05,1.34362,-0.32249,-0.15199,-0.1953,1.6187,0
E03,T13,-0.0072,-1.06952,0.53201,0.37829,-0.95955,0
E13,T15,1.98998,0.62663,-2.27174,2.10257,-1.261,0
E22,T14,-1.68345,-0.13071,0.91446,1.25541,-1.05289,1
E35,T16,-3.33806,-0.44878,0.80993,1.9376,-0.66798,1
E36,T06,1.39628,-0.8745,-0.4383,-0.08509,-2.05231,1
E31,T10,1.09932,-0.40003,-0.96758,1.84046,-0.18217,0
E30,T07,1.04696,-1.55816,0.61299,0.54406,-0.48038,1
E36,T09,1.42807,-1.19472,0.12697,0.05076,2.01734,1
E32,T06,-3.3921,-2.43094,1.47961,0.86163,0.7601,1
E24,T10,0.75495,-1.79954,1.32051,0.15022,0.50956,1
E24,T07,0.70281,0.20762,0.42723,0.71425,-0.78406,1
E22,T11,-1.65879,-0.3452,-0.10355,0.59758,0.84751,1
E05,T15,-2.20436,-0.72929,1.15211,-0.03256,-0.94596,0
E19,T07,4.55117,0.71686,0.90522,-0.15881,-0.74275,1
E09,T03,-1.00587,-2.2543,-0.20859,-0.01346,2.28853,0
E28,T09,-1.89799,-0.78876,0.85672,-1.51595,0.08392,1
E07,T09,-1.03472,-0.56719,1.28662,1.9466,-0.18681,1
E17,T09,0.41341,-1.38113,-2.46084,0.38366,0.78912,0
E22,T16,-1.6692,-0.14306,1.76417,0.22274,-1.74008,1
E36,T15,1.40238,-1.75362,0.07752,0.98287,-0.20584,1
E05,T03,-2.20006,-0.42062,0.87276,0.713,-0.72401,0
E32,T02,-3.44024,-1.94559,0.06837,1.53874,0.63755,1
E26,T03,1.32906,-0.02927,-0.18615,0.28467,-0.6027,0
E33,T16,0.43119,-1.24013,-1.02842,1.05176,0.78603,0
E39,T11,-1.92512,-0.12783,2.00599,0.87105,-0.04356,1
E35,T08,-3.28914,-0.62101,-0.56891,-0.12308,-0.52495,1
E08,T16,-2.05593,0.53714,-0.57883,-0.3752,-0.34305,1
E31,T13,1.08395,-1.46727,0.54939,0.86627,0.44984,0
E21,T09,2.73616,1.52257,-0.01989,0.38189,-1.64573,1
E34,T13,1.07799,0.9444,0.10424,0.02593,0.14139,1
