f1,f2,f3,f4,f5,f6,y
-0.15186680029439617,-4.029332347323517,0.5224449353093864,1.3424578392806437,1.275644429350535,-1.2399376104596918,1
0.18969418725546183,-0.9590609453359387,-0.25015863317253484,1.5983980406229295,-0.01566854062563799,0.9473172744955887,0
-0.648719215858836,-0.5705855642107702,-0.7629711939999851,-0.2943572572851305,0.7617859031755957,-1.4737236373383253,1
0.5477941179084411,-1.1246209938701368,-0.36048551758632846,-0.7628242912487412,0.4514854496691607,-0.2383433557572755,1
-1.6391147742689953,0.5696046993359213,-2.4883427745935864,-0.11848331644675154,-1.2905090081436077,-0.07586353779356224,0
-0.3872345263909779,-0.5287339014354786,-0.7367765074962714,0.06725537584792779,-2.1181162462376952,-0.18077252077204545,0
1.2930683534874112,0.13427876103673458,-0.43645585447497465,-0.1302887987337098,-0.2910731119329573,1.5508323300631643,1
0.16516374010894608,-0.39890072397879145,0.13357675796576815,0.6224884113501209,0.5062919484363493,2.7938041583030953,0
-0.13843637327919087,0.5919298239071298,1.7603106413801164,-0.5434752396706939,-1.3158516293807911,0.7709506640020513,0
-0.9919950320770526,0.7028035594973201,0.5857532524605439,0.5046936855335048,0.09482343560286431,0.42285415168701496,0
0.4179062827665418,0.22974809289302797,1.5043658521066468,-1.7042213000681175,0.8642036758357836,0.6967622010751651,1
1.285547303724184,0.11914608872186565,0.8521177307263211,-1.4499988213953687,-1.4061401621260814,0.8494062438333986,0
-0.09264149753829597,0.045551192191404424,0.8357620301378945,-0.5247884687595291,0.7549537533083547,0.42404267069708257,0
-0.8160659380700894,1.0477788650390352,-0.8081669835824191,-1.5410428874165931,0.42926265430808014,-1.6843681008010085,1
1.6019117673958565,0.11808852712261077,0.038719620593479984,2.569625706216675,0.991812478575503,-1.4116993931713,1
0.02998353116382935,0.03535805925195992,0.6850312799562135,0.2808955966325599,-1.2676401605453618,-1.2761045699469271,0
-1.6202829101345786,-0.08503442554339087,-1.7813564260491637,-0.7539335019430269,-0.27257559311051444,-0.604798724416974,0
-0.0021149811308220088,0.29519217178461077,0.6729618498192735,-0.584165303628326,0.6398550001840967,-0.059438005471417345,1
-1.3205385532054852,0.015378170042170172,-0.3313628122630531,-1.4919710278004077,-0.8843371859770132,1.3256643712465654,0
-1.323426488396275,-1.0722012486960744,0.9371118871033707,0.5609395385881144,2.328873310770446,-0.2984145857757601,0
-0.886874140351154,0.043683219110171895,-1.2907003693074985,0.727326804028876,0.07070498121606242,1.0874397946775494,0
-0.9204997819573776,-0.8469001473363013,-0.5120875857577685,0.7536964855867107,0.5157358615496727,-0.4963503792266388,0
-0.7666062048932243,-1.6054477040990454,0.3614354212102714,-1.5137574701059437,0.5630206488465536,-0.6218024745677441,0
1.7212206035260142,0.2555138720595327,0.2533111878860294,1.6320101736717834,-0.1548740600027912,-0.9862946401369589,1
0.9334700142207831,0.917426106611514,-0.3730480034902013,-2.3221290643368664,-0.049007303179572505,0.12375109288494386,0
-0.3975554530845555,-0.022046250150125075,1.714216152934756,-0.4699773095374989,-0.04562825827762866,-0.46375099770544015,1
0.6648807308946459,-1.9265880053327322,0.4193526284498689,-1.426101238429179,1.044032522451213,0.1616379116288863,1
-0.446969198655486,-0.5970405038367418,0.0663492427981275,0.5266903867060774,1.0892635252072649,-1.1769672699001685,1
0.5150798134318806,-0.6254881214505089,-0.7127724359259285,0.2935328678339526,-0.6053333655996981,-0.2529014464285528,1
0.6440281312801153,-2.3195776800560926,0.9368853091392554,0.8138600790128102,1.546037392283945,-0.7098560882509941,1
-0.5640483069962511,0.6760792901668147,0.8151427717753582,-0.019377551231171092,-0.0871670302970991,-1.644664663851626,0
2.181959759893484,0.12738636340069923,2.139834635075515,-0.5149768727179898,1.1385991933722548,1.198015969925884,1
-0.24063509908160882,0.39018427618502427,-1.6748713437559954,-0.8888380860507274,0.48458883263940983,1.6682719725770045,0
0.3427318170132142,1.4928200161278355,-0.8447729604091241,0.465894380988821,-0.0924388678088133,-0.8562152681975645,1
0.4430716852365988,0.07204081694095252,-0.24004603201009575,1.362396976908243,0.04765209433417606,-0.5304848499456666,1
0.2887730830312479,2.0116236670918863,1.4565270014138638,-1.602025466472534,0.351441320607362,0.13441802050621693,1
0.41693322463771654,1.8054426243842414,-1.1616311890403295,-0.08126080839624981,-1.1365370496103175,-1.8062113466199643,1
-0.05056578773966954,-1.0866630440977392,-0.18091413295000988,0.7647679933279696,-0.12048985319392336,0.0010410134393051716,0
-0.15238340042014462,0.17377523588216015,-1.5277666493878792,0.3519904163351007,1.0512224034903452,0.2761982107620296,1
-0.656748931922687,0.026732483006813107,0.7321642314005135,0.54058487806859,0.5354637909419058,-1.8291114321765003,1
-0.46104098598114046,-0.3348472533076051,1.3755911206267102,-0.22990609298423537,-1.3508444733255132,-0.925025531396594,1
0.6291756239432712,-0.49199466666730485,1.0430298298510063,-1.2636034873559792,-1.6467688703141083,-0.03375342747876664,1
0.2829626226184123,-0.282463695833341,-0.6648797756050173,-1.2757770481707826,0.38095210005713087,1.4863898709930778,0
0.1654505861450259,1.2384175554950074,0.7409105735622887,-0.13744838210007435,-0.6502930687713909,-1.4682169596982004,1
1.802888872329583,0.12379041478100644,0.07398722611709722,0.3562961252723203,-0.9357197022869681,-0.24586907832804195,1
-0.7244229851642734,-0.9688902358099475,0.08956942428469736,-0.40008924022907655,0.7191258317778654,-0.0958328333054865,0
0.9073870550055219,0.7725133664913434,0.341530560225779,-0.8548819183871867,-0.7556725919789704,-0.013825004895915446,1
-0.553344754630441,0.305084064904723,0.007119426512467354,0.9035110823900913,-1.08464963161009,-1.5916900898046906,0
-1.2324825304952156,0.6016150111163473,-0.3838432566288545,-1.4883977475791919,-1.4611219044348405,-1.0306835085825372,0
0.46334271082470524,-0.11406572356368021,-1.1083585535255203,0.24062953154859745,0.2489735359131962,0.029434818153882273,0
0.8757408499366429,-1.2295443558171828,-2.1083167263154503,1.1576418659081926,-0.4380197000272758,1.5074590711327038,1
0.5810623014705995,-0.03888046878629157,1.6769905058660897,1.0874760037590598,1.704630872440866,-0.841998695268113,1
-0.004614502578756038,-0.7587902037227463,1.0043061099049373,-0.3254651309475829,0.3675333768418737,-1.2179796448772986,1
-1.5275301627709068,1.7382237335739306,-0.6725294957604937,-1.7337935678599197,0.25551668640220165,0.21041878357583954,0
0.4877779013165286,-0.10984969938699132,-0.8543116863906021,-0.4177016909072791,-1.0620165956646372,-0.45287486465050386,1
-0.8077575316325478,1.1694313020333345,0.9157323186590002,1.5758656293954345,-0.23349833926894553,0.18959822817339328,0
0.6477124948576063,0.332025319205048,-0.5107267360188312,-1.4771646801526865,-0.3627714940559623,0.7819918030921161,1
0.8428786107644495,-0.14503945782365207,1.0347329588512575,0.18286507412157701,1.3205056589989388,1.5988527279639273,1
-0.22649326135704548,0.0177488966049306,0.11420638424521881,0.5917409848077424,-0.3263054393622154,-0.43291805320524035,0
0.011194561959953948,1.3598053669680368,1.04701997068247,-1.809847702190813,-0.8573810083610115,1.2260717487461026,0
0.44107803006764384,0.476745458252021,1.1313528270983362,0.8163151545687322,0.041733594027929435,0.2857107476497642,1
-0.8293237298659224,-0.3588168325028064,0.4899170517483365,-0.23451697772921615,0.2691001645814144,-0.9568553890735715,1
-1.0637588418093822,-0.9613135917069713,1.2576381066811442,0.42663730350504014,-0.7147726804897961,1.5889136404256547,0
-0.1265758955177594,0.016499175179608333,-0.8215899976031047,-0.6596747063839602,2.3008631543876383,-0.8769275117135857,1
-0.1534109607175752,1.164273413314487,0.28096497447571284,1.6944725931945002,1.5321696135269598,1.5233224716617584,0
-1.1952906200466975,0.914343252152944,-0.7054467574104829,0.7870892630743797,0.49022428623292835,-1.0219557568935969,1
-2.4107400798649086,0.4958703394162309,-1.1714456684095098,-1.7088125689834421,-2.0872870895720097,0.9143871861081299,0
-0.24069654610719976,0.4799854686790901,-0.28554238624911327,1.079844241469212,-0.2704900106564579,0.5275607008784358,0
0.22740308348666866,-0.33055138591348765,0.3068464500251103,-1.4122089058722533,-0.7777483816099827,1.0679663740688952,1
-0.23852617823264952,-1.3997781245257022,-1.5968791693410245,0.7793611108661712,-1.6880811440682,-0.032463844504452846,0
-0.24466655800326906,-0.6018418667285003,0.028604507204520697,0.7575726875372234,-0.6015541892619971,0.34459130641793134,0
0.9822111875681183,-0.7003624061461216,1.477889699802838,-0.6162637207362707,0.09942867966047596,-0.42985365554406135,1
-0.8166667211067552,0.6081008734518759,1.8660652956640786,1.5685645334842784,0.09490891175554461,-0.8324751509124831,1
-0.9410107168956842,-1.5278512469039902,0.3974064377582724,-0.6682070642890632,0.6305472801348471,1.3235772206369047,0
-1.9904571300163287,-0.9682579910810798,-0.48712128583326475,0.7033659245296489,-0.5190371642478672,1.3212702472939344,0
-0.8443795859990494,0.18852105769486213,0.07361313356526758,0.8226220623412577,0.013285659265862478,0.27773414739707103,0
-1.3121548480591074,-0.46356255682843944,0.48662610920447286,-0.4546677483743223,-0.29862158446220505,-0.4544944261568999,0
-1.6210460576209007,0.464850090118003,1.8165765953910902,0.1922986645643954,0.6091173944619793,0.21779216203869065,0
1.4607661521588602,-0.4304658684744055,-0.09676315553180669,-0.038730518275081074,-1.8699597694652832,0.1082741278702107,0
-0.8040276327502361,-1.3504680071028556,0.6996394720930024,-1.6386422844412178,-1.2623604307430352,-1.0222295169767315,0
0.5178234884414151,-0.28738109045027466,0.8539954545356746,1.6722772271532669,-0.8750811247655259,-0.032727308054181205,1
-0.5261039077238926,-2.4326215123937054,0.9924656827848783,1.5627694634417808,-1.7749196129773446,-1.49979866911089,0
1.3959912677419017,0.13624441250319397,-0.9047111511563195,-0.5570281500587917,1.0165519850246956,0.548926545056886,1
0.059251829501008366,-1.7422270708429999,-0.9542139744865143,-1.230453911447056,1.5765044433240363,1.2972867304054618,1
-0.1622652603437624,-0.16636212520029983,0.3909219294433698,-0.8708174301967757,0.08970052293024004,1.5692716101184787,0
0.5349484495504913,-1.58561449952942,-0.7292665854411041,-1.3831818188856868,0.3088322124326935,-0.286729721738827,1
1.2405674325980887,0.2133814844721605,-0.2814593597316194,0.7051822878745715,-0.4245629810602444,0.10773607614464532,1
-1.582484700697394,2.297503875149207,0.24396141961077286,-1.0104734551981966,-0.737307258717128,-1.53372771967563,0
0.34106821626853956,0.028667945667878288,0.8586960052241074,-0.6669521057345563,1.1358743172504848,0.5669992148337358,1
0.371215439783684,-0.670712661853325,0.5342372190262444,1.6306446481582417,1.6534199572448334,0.7517698205419104,1
0.4820164449331249,0.07321920086831646,1.2282467481409771,1.0734820756286445,0.5321504783245058,0.3395349780685203,1
0.5358844526906976,-0.21664187746463456,0.3424146194071802,-1.3495072933664083,0.3485315776569635,-0.1889534447427164,1
0.5345432011962017,1.0249948092668641,-1.210757762367997,0.6878605989719072,-0.8165223532953546,-0.5239893971002947,0
-0.003139247408208316,0.07754997674622743,0.5282600913343701,0.30459185446559667,0.42292443937134017,0.24437114543407418,1
-0.3096036409843335,-0.6049745587698147,0.1602340134295988,1.3277315740705569,0.5468458310942182,1.4038113700423787,0
-0.09991252035534431,0.09838311881569729,-0.48082154762019075,1.4195052599616758,-0.628867344567602,-1.35415282669805,0
0.6545974003535324,0.5184281393805549,-0.8441277546233292,-1.7167094017285514,0.1861034331184112,-2.101132098844948,1
0.8392735013438696,-2.225234611555447,0.16558152181498909,0.7281140277178584,-0.8172076887654542,-0.9773590106252642,1
0.3656790327127101,0.5769910559820193,-0.23900605431948924,0.060582531503759855,0.38032199157749574,-2.3171661331954616,1
0.22148973517475481,0.7567006573935419,1.5117069998042152,-0.6948048457048288,1.2364802277084048,-1.896182036811013,1
-0.015434758574761362,1.8618852539833934,-0.9465991987323111,0.4998266906587645,-0.11295153707067417,0.5447097458123418,0
-2.0147793141018786,0.6836008276072425,-0.12414059308158437,-1.7474723472326144,-0.3207592274292635,-2.197051104390584,0
0.3949826481443286,0.5866662637422216,1.3342707580160065,-1.7865365458418467,-0.7440866397749563,0.20578876114520128,1
0.851741083711073,-0.41438026153041935,-0.006165273393232555,-0.1907190572143944,-0.23645385718426223,0.37208292854867625,1
-0.6835753811390866,-0.056996135568688974,-0.49602665940203317,1.1558672389660314,-2.1043500866689517,0.1227414402302076,0
-0.4906370596424549,0.08386544077596504,1.090692181916607,-1.3476376859336605,-0.5512640400162636,0.5821265049877703,0
0.8559515052691592,0.6416693821213999,-1.8071724357145147,0.7191299818091823,0.8806297394864117,0.04866617004382719,1
0.38550840335066683,0.6095115962520575,-0.6879624438005577,-1.7231122749158232,-0.6059595387850482,1.471219951020705,0
-0.14058078803647014,-1.0484650455219768,-0.9717822305215478,1.078678313833791,0.2202273488662408,0.25094654138637323,0
-0.05009415921255197,-2.7969391664558056,-0.034986424925495876,1.2804742342253501,-0.5005999356074912,1.9021108199516277,0
0.19068585062632523,-0.3391062296374648,0.6969623797095537,-0.2467347452673847,-0.6255799584970362,0.3842222223502886,0
-1.3979593093220257,-0.17747015991816048,1.1664200891857552,1.1501448190085302,-0.4834752270040571,-0.6696175231248941,0
-1.6290883195306634,-0.3097922926399396,-1.963549295962853,0.36322496367699064,-0.010818391789945618,-2.3181759907815467,0
-1.6508365288052333,-1.020187523563821,0.29878093345887397,0.6674992488597205,0.684039879252926,-2.356735542391087,1
-1.0007276773723663,1.11435648424291,1.3949664574629315,0.824366796155827,-0.7300636128184977,0.04983423147862036,0
0.7204517767028432,-1.6152448458723072,-1.3153681573656282,0.8483298684822735,-0.7016576369772642,1.1933940994331123,0
-0.49006502515081035,0.5122795982670525,-0.8806396083077428,-0.6660489331229991,-0.07671219993192889,-1.827965727487171,1
-0.4578761485774643,-0.1146592315964963,-0.40043303915481243,0.06268815678275753,2.417274752239933,0.6789337520848214,1
-0.3490509739987377,1.4445221738337797,-1.7327372205711413,-1.1587893491026668,-0.45372621124129225,-0.4167556372448414,0
-0.7268991463065,0.5736096876219009,-0.6674489430019269,-2.0508563508758315,0.9964794277030616,-1.8777301685388534,0
-0.3991288550342414,-0.16539151420080356,-0.21753904142105124,-0.17856846022398637,0.3542272830415855,-0.467460906138268,0
-1.5448395039886595,0.4961860150997338,1.3505116389984642,0.8322442301262322,1.0444465382028274,-0.2636028518727849,0
0.1063231029725975,1.7182452242651551,-0.00953653041845689,0.13955277719809225,-1.1541779973993345,-0.2303553656759129,0
0.45230825178738027,0.17711488473175596,1.237573823693711,-0.6338582642466003,1.1782992673998713,0.6335453993879441,1
-0.29291021171729487,-0.39634424569653137,0.48321992096853184,0.5293098777434647,-1.274859577460534,-0.3995922178015634,0
-1.270279442878242,-0.5785350014070548,1.0458243205757138,-0.709491116446242,-0.6934967538478651,-0.6592529290572289,0
1.700767915343874,-0.04198884070040693,0.49208065282789765,1.2860740729108404,-0.12327782391624204,0.8642783900857897,1
-0.8907869728250937,0.6184295917479535,0.19386575712024973,-0.9748953053749937,-0.4693258503771652,0.17250793493674393,0
-0.34069482374100474,0.6932500606954016,1.6361265504733282,-0.1821257254905202,1.2336914197813735,1.3296243392377876,0
0.28992753012744815,-1.5387786308247524,0.9464518556685747,-0.6666253493420874,0.6772853830533231,-2.316225258655589,1
-0.1045279414270483,0.9059577059889312,-1.4352230405040143,0.32706624798050027,0.37593639305960896,-1.7980170530914446,1
-0.21026372275375607,1.067574980123877,0.1583619598242335,0.0436948874317642,-0.771821909278119,-0.49826627866229795,0
0.5957355386784062,0.1554577019811017,-1.5167421625180608,-0.5430475698383345,0.5839308246540453,-0.22138433157275994,1
1.4502472905282273,0.9410017075582366,0.6137827027228799,-0.687819593778955,-0.4913384274652818,-1.7902699370482407,1
0.2598142805814803,0.14850748236998013,1.7614404368231706,1.209804063372614,0.21725297623736087,0.15120274276823475,1
1.7626197287325553,-3.0630936091564474,-0.315929137862616,1.091569943119359,-1.0356918382140718,-1.4059548643923594,1
0.29550820954441626,0.19462031472163094,1.12286081438505,0.9195589690728181,-0.28389694406673227,0.16275478485680156,0
-0.06933008654568923,0.24587587458197263,-0.35212737954500506,-0.4089053068115231,1.6374967691116848,2.2635098640267803,0
-0.8334979880353247,0.37193411242467733,-0.7676399247746127,0.9111191654246303,0.682291596633201,1.2448234055996177,0
-1.1683079103211664,0.2397723980676782,-0.6937978403075197,-0.22959659198844534,0.2228996497100299,0.9461023728257252,0
-0.038020424217482814,-0.4163858724354425,-0.39292347523623544,0.7743978454045756,0.2089438501956719,-0.08952942334891995,1
0.4689405746804466,-0.10941819259133265,0.943129322309121,0.9645515017944934,0.6941591176253987,0.2896087750906708,1
2.768074892401692,-1.099803946240776,0.04147790088711991,-1.3332586378494733,-0.4731533735290677,-0.46332205611027455,1
-0.5133933460821093,-0.6052519845228237,1.5077700099301583,-0.8261602780030491,-1.6152074160113683,1.3808044358284428,0
0.4829690424569215,-1.3635849243864986,0.3387299329166481,0.6349095930716996,-0.5522253100017268,0.45278259587116465,0
-0.6598231640814349,0.35884112124939666,-1.4692097358476623,0.365826724882294,1.5147984887649049,1.4019851675371258,0
1.3849881804318205,0.4019573772790723,0.2396589248761151,-0.47727043703484306,0.1631539464824746,1.360297488118482,1
-0.6219676438209518,-0.8363281660113027,-0.9908745601684393,0.13266585795819166,-1.2285348408478252,-0.7622085532178606,0
0.6407524032055217,-1.095096817486882,-0.03614984688887273,0.5128157762211236,-0.07719933027836275,-0.36310758506894125,1
-0.1679102211385746,0.0006382034737341275,-0.26341402770345634,-0.6648048657644912,0.06591859769564369,-1.9601030337939558,1
-0.061854407383249474,0.6703329709067644,1.2105706482204748,0.8010599087821437,0.5305350392826673,0.4480765029037506,1
0.3785123381935189,0.6396191250627622,-0.7329967873215284,1.1013213742004866,1.9749408440756713,-0.2571193957143332,1
0.5257728579747498,0.7640434294299406,-0.06578970445711395,0.8488383497801785,-0.4352170012230941,0.05472409751283348,1
-0.3297422541289674,-0.0004749744010642606,-1.5019716869540396,2.59551009433568,-0.35490907331395083,-0.7045731988542854,1
-0.6101128245244757,-1.464684737248465,-1.1844602500527428,0.463057758458191,0.4293419334410463,0.46439740047785644,1
-0.21759099429705803,-1.2100859815710725,0.05046920523272741,-0.876083086162044,0.12012833900093818,-0.47863717373347686,1
-0.12383515771183322,0.5237838417306321,-0.015557462679768347,0.0939560874179325,0.9475105043413116,1.0567934605176856,1
-0.828182729484119,1.6849586054238774,-0.21818130846599723,-1.821121236548118,-0.28367489681705055,-0.7588661312097253,0
0.2621922409973585,1.3208815850959075,-0.5495662509883464,-0.20381740230789722,1.5842936124153726,0.5685125963249575,1
-0.3017194047148399,-0.16224375895648022,0.2548646730425532,0.7821503691229492,-0.8771286567885866,-0.11446167968708784,0
-0.2722113264338107,0.6583653244047653,-1.2197384398732478,1.1972805006108032,1.4986680774345367,1.0105756016654623,0
-0.6236647564353051,-1.9189002364932115,-0.41276503197367925,0.8155057738991105,-1.2141390788845043,0.039941852429337565,0
0.051081461243339496,1.7643711717429003,1.6584947652878814,-1.4751155160255507,-1.0994404557826478,-0.047125666688312744,0
0.6358519778120538,-1.0176217458646357,0.9817994719990832,0.8355213044626173,0.2310191020381437,0.4413576335412396,1
-0.4837986996233258,-1.708283472764119,-0.9553092272919803,-2.0735772452758074,0.5755247958416065,-0.6582734205722687,1
-2.1536893819746474,0.8635563674398198,0.36472080026991294,-0.12393951572913219,0.6096215621896002,0.11763984396806128,0
0.958229892820173,-0.226940073294253,-0.7955888524046234,-1.6566572190755577,0.7716758813985398,0.31291612286690274,1
-0.165743720149254,0.5608656660927198,-0.7181285111510468,0.5240349007747443,-0.17693643579242097,0.24272813900374918,0
-2.67215823849235,0.4852480250374384,0.5054821115822461,-0.6114092096400192,-0.08131159723598805,-0.7831852566593985,0
-0.5732918898472267,-0.08223139725264439,-0.05032947839854963,-0.7527959557057466,-0.29124424291402984,0.9697249669392379,0
0.6205982724708025,1.1700303566397787,1.2987289222386473,-0.23086225593766413,-1.4549362072414063,-0.6572243483585145,1
0.4151168756261364,0.13713284831627087,-0.5371228909870637,-1.544744550719289,0.8545643056163074,-0.38852210587763936,1
-1.1308520766419712,1.2157943049818007,0.5548062458050681,1.2888596120191018,1.2528936149757712,-0.8919828442467833,1
-0.3357094476487251,-0.4512760242933394,-1.3093018738216056,-0.40521841774688744,1.0149146675532095,-1.541227870824829,1
0.6719221714141607,-0.5578866960092995,-0.6527768842520291,0.005449492713874591,1.1050979528386933,-0.16299389860903885,1
-0.8158181489357887,0.6095075010686689,-0.280993662769088,-2.367822370354232,1.4876434021280214,-1.5101628509042087,0
0.3695849412898685,2.949511222899794,-0.24827274914058206,0.03395132437904759,-0.6605563392939157,0.12476264877534887,0
0.5051823312512164,-0.7997502043645672,0.25548590227698376,-1.3820237418987524,1.2554079540625929,1.4843521407371807,0
-0.34550104444217605,0.35682127071392,-0.2983938415134141,0.8596341082326805,1.3067042456031543,1.302466098028895,1
-0.6595595516967097,-2.1992689960777287,1.490242606136599,1.3750027605322601,-0.8672635263569544,-0.7305878767285372,0
0.15526620866234583,-1.863135325222497,0.14932610552664033,0.00766726864322606,-1.3879812802809748,-1.5500763177651986,0
-1.6223334781528518,-0.35027454498568883,1.80812410386023,1.0078975184883745,-0.18906762423926224,-1.704190927183798,1
0.5357482154725457,-1.0006188336553474,-1.8237284097439213,-0.8522001330863559,0.4520255736739918,1.3218511067315204,0
0.6864660120751868,1.89213522511827,1.2133847919192133,0.10225074767822813,-0.7050790860152558,0.10595687593515542,1
-1.0771321836233645,-0.47696734645447997,-0.6251947501485293,-0.8176761749880818,-1.8683445000513603,-0.949897058515396,0
0.20467530831711211,0.4930924652043182,0.8758779546847383,-0.4511669764598882,-0.8346287842715369,-0.6523534350664962,1
-1.014434665817157,-0.25149042677927635,-0.06279767422006202,-0.6033497884638654,0.05305508207021564,-0.5798140744274612,0
-0.9539535189270076,-1.8544086117171703,-0.24724420486007184,-0.5994217265209291,0.5997258089545546,0.8307029763051343,0
-0.08282099208963958,-1.1969908244065397,0.6382176990452777,0.8048473559371826,0.9633122986854129,-0.21966164967763988,0
-0.11663049727659835,-1.7453231068003265,1.8337504748303561,0.636112937969942,0.5952624259599304,0.806210369445926,0
-0.5594182663343215,0.8356035564824025,-0.421475156344323,-0.19143160347111032,0.5742344981828278,0.026385706812078295,0
-1.7251928608918454,0.11355426658677956,-0.8106361952768928,0.18993732336246258,-0.6645761728091226,-0.3305824057840788,0
-0.6397903749614977,-2.4926493327761743,-0.5495040543885333,0.5956097639978662,-0.5398062826678721,-0.605806408706854,0
0.9082764413890351,0.48651587576390964,1.8370509305088105,-0.547220119572931,0.08955654287550231,0.6457350760652166,1
0.23083532643465085,-1.7428538870813615,1.428946523909255,0.12352982153943856,-0.12258726979218075,0.3312399056539709,0
0.39200848263139465,1.2956902661292842,-0.36007217507691935,0.35170022789397287,-1.0219933518652886,1.231862308014813,0
1.0058031760682575,-0.5790144402838391,0.8254657168557028,-1.1152331481113513,0.8161715842442493,0.12862281871607412,1
0.7504521533191205,0.6707697846537342,-1.2123684079221881,-0.7121862008333589,0.8022927888614776,-0.030155924653252533,1
0.5330604243681798,0.3569528536716721,-1.4061053142095157,-0.9320028229106545,1.409320379447573,0.5619930144412506,1
0.7327411669783129,-1.8357161795810233,1.0283332485623877,-0.626435125705968,-0.6552541207547409,1.8559371100178301,0
0.02158614632065504,1.857241479334369,0.14213795275979332,-1.5084133695029625,0.6791120569056175,-1.2168322186253588,1
-0.9480487801864597,-0.22031384020577904,-0.15008260382635896,-0.9676731910425936,-0.25598100314719674,0.3713668881431294,0
0.9002649701677411,-1.1379245100283026,0.33477902586974273,-0.9055813818730779,-0.9601567055063138,0.713157599970419,1
-1.0570368459480288,0.9570903674364631,1.0875878468337163,-0.527688119810993,2.198630379991141,-0.8089144980373475,1
-0.4453517801954144,-2.599726539968934,0.3339080983466607,0.1531229574773194,-0.02360490619070224,0.42724733284646976,0
0.12927951324200745,-0.02904951052859677,1.3369703281238698,1.1347953718210617,0.677874094750488,0.49730420640429185,1
0.4237485550068008,-1.6085936771856368,0.15168467090485088,0.22599041875039316,0.5032474951343539,0.7934970898701347,0
-0.2287303523051981,0.4457529483599292,1.840448223541077,2.4463171166911035,0.32146437234893616,0.06699305014682339,0
1.7589444921042043,-0.22547175417658552,-0.46703808289493376,0.07000395692521434,1.3843842075879422,-0.9981071596460412,1
1.0498252927209724,-1.5867948966628331,0.4195091083274844,0.5877656532324174,-0.18119095102824634,1.8547067294071713,0
0.775650894318652,-0.428759761483125,0.04739951118676291,-0.5630491069988813,-0.19375449871738223,-0.1303548144062525,1
0.8315288111943174,0.6916009901354716,0.5702095220984289,0.2708578762349384,0.6570618564814362,0.374208709189902,1
0.7093872568318821,0.8914463720106942,0.47735605066617426,-0.2918050372319816,0.47450001867317715,0.9784645061451382,1
0.1031017602370737,0.09909139477762421,-0.3611525650582971,0.35145432898454515,-0.10729579879923792,-0.14812765298831337,0
-0.22319269394691174,-0.2153596994259816,0.9411911923402478,0.5127970757115199,-0.09805177829204309,-1.1663296363217133,1
0.24373600095584663,0.048752558174689944,0.25654734190781275,1.4670579656826757,-1.6035374920000875,1.3966898261597636,0
-0.19388228865678375,1.0716868746608457,0.41257956894512576,-1.7114445763902397,0.24351208292173876,-2.2846047177824294,1
0.8977773937669593,1.5709399237241957,0.32129791158934545,1.3765314344237707,-0.46032559396518197,-1.3893432363734222,1
-0.944525274420372,0.44670433974947016,0.24460751003922654,0.11745857510706753,0.37367994854357006,0.11405166617047172,0
1.2309305251228377,0.6181675883660763,1.5010406313895808,1.1465499188979933,-0.3917920307968548,-0.06424136334897468,1
0.5225288524718789,-0.675461415759036,0.8144322104748646,1.033905250557898,-0.4201627240370969,-0.40516765600503474,1
-1.3609343669979932,0.15738196728650508,1.5426226033392718,0.42895980594772026,-0.801131400444798,-1.6457211519669719,0
0.2479100522339538,-0.6283463256176923,-1.7051573231065775,-1.124167337399401,-0.6992729462866468,-0.920656727971274,1
-0.45063501161768504,1.8943814025798917,0.644853644939853,-0.6476822356357044,-0.09500489667501665,-0.9660364873072863,0
0.7701846945461748,-0.41084628052881167,1.469900034252542,1.187997869233282,-0.05152083778799432,0.41128335698316676,1
-0.0261644611035287,-2.165819315298985,0.7730783254805976,-1.5051709317665403,-0.528660351948427,0.1345542700418039,0
-0.2995903277161277,-0.45366878209327893,2.0224358368187407,-2.574501238651637,-1.6021550111731009,-0.6310990689511697,0
-0.7755989151810159,1.3776185378234285,0.5051715445317075,-0.6914793496913244,-0.637280627791797,-0.8661931095979533,0
-0.6357514513069088,0.9666699026583246,-1.3171277945274755,-0.16083036089710526,0.10432199547993035,-0.0822931239408982,0
1.0124108580425992,1.769409514794235,0.6296291700914368,-0.6873594656013053,-1.0634866245542187,-0.774138189741548,1
0.34252535425652436,0.4062981549992846,0.18410573845507375,0.5408688903313327,1.0021235607639887,0.01294383348550645,1
-2.894082359024432,-1.6601548608600103,-0.6472458898105518,-0.9072326659237123,-0.39437955961349047,-0.4418099220050323,0
2.190793057702396,-1.3753161782917134,1.990682509273963,0.0007824182552999578,0.23344116107570498,-0.2901623321701747,1
0.047421456205003695,2.3263616169942845,-0.4825475640475726,0.4698964029104717,-0.4699950181905809,0.6468838910823735,0
0.9345611074505877,-1.7872758268061888,-0.3065853771544879,0.8806598532178554,-0.7193296040810592,-0.4995700249088303,1
-0.21673973006873298,2.335896233438226,0.7523373311335627,0.8202235587779159,-0.12977409859944553,-1.2763518461243946,0
0.26494838924942604,0.5145287022039907,1.4475868648861738,1.128860246246201,-0.24825436812298,-1.7855488079415556,1
1.2950722429151555,0.14897001953797495,0.36562794551363814,0.32062954474135186,-1.4312038611678135,0.7158610655437053,1
0.9636588331058418,-0.6987853522924624,0.0324495411659855,-0.06253986492138516,0.11455617737153308,-0.9129356481278063,1
-1.7387870133999157,0.16720372814401058,-1.4057367300976664,0.38623031781739076,0.7128382476437451,-0.2556062168578815,0
-0.8958227867257799,-1.1368889996651175,0.8214769594265934,0.43258477947339086,0.6427470073961524,-0.6136052383841679,0
0.1324332017011462,0.7402071976667973,-1.5345440352208453,1.1587961774431066,0.8376285728498056,0.20099532666260067,1
0.028387893681242036,-0.820539091691747,-0.032070799389343804,0.11655942453796218,0.2363976958777958,1.4531163304312045,0
0.22966992267402672,0.9409602774858895,-0.009933075448176716,0.5324108955999226,-0.9732560057747865,0.534334345524318,0
-0.5525778252391765,-0.4271614654280908,1.537158235540442,0.31843885458311305,-1.6561518637559867,0.5140912602274964,0
0.9248005066398568,1.4572769108835986,-1.2556677346708585,-0.01575731636034793,1.2933015202742337,-0.9393833916525473,1
0.5569161938930492,-0.33451196648117465,-0.056724902544728416,1.5874780902816872,0.2917613765504186,-0.20486617084897052,1
-2.064721801623887,-1.2675248335518772,1.0488020049268802,-0.3305462394195751,-0.34504484116437484,1.1024217760179498,0
0.353758614255315,1.0445216233410792,-0.8979106823166146,-0.0722860443458351,0.6782814993207662,0.002903482518796693,1
0.950077636974465,-0.14137164763277343,0.6768738377368325,0.4338993658465838,0.12128016904263612,0.9189956513109885,1
-1.715019528771433,0.21454005294876352,2.380314215796924,-3.178568712329643,-0.6940241901069015,0.4308791483778362,0
1.7384310680171486,-0.40005025280945394,0.2702243052829027,-1.649005722950165,1.7948609806417744,0.6737149745718001,1
-0.1553715560376874,-1.4643815246035106,-1.5309908954519236,-0.12222388209555295,-0.82259559266193,-0.4286098697776334,0
0.04441551837535193,-0.8720200433352858,-0.8826866009713469,0.2811382138774997,-0.18384372113238334,-0.6123975223829259,1
0.3496084762673392,2.2606881188015016,-0.6119191713996497,-1.0741984341883937,-0.9142536379457707,-0.33317932250014826,0
-0.4965069719306412,-0.36180555932754976,0.9291934428231688,2.327263148056287,1.9827570669446415,-0.4848169923886996,1
0.3027526643871915,0.2826947145004457,-0.022074378124703267,-0.09660079628154435,0.19173958373424096,-1.3349844573645615,1
0.05077166999428803,-0.6611042228172486,1.1079490951677016,1.5764184074174745,-0.5257715774631686,-0.5921269175132186,0
-1.4504213450898167,-0.6880570749030331,0.44675928442391755,1.4593105516205624,0.6808692155400373,1.6836446588220295,0
-0.28168661820553864,0.9490148192469473,1.1924131513035494,1.619797493827351,-0.1839399539668382,0.13400916053182033,1
-0.5896672509299916,1.9951125140254125,-0.44959698429893624,1.1003416441849552,0.4631971378098231,1.6112313105140412,0
0.8255383895167951,-0.7640773195523863,0.6797411841567694,-1.525791180575452,-1.616542603489456,0.09772499410241063,0
-1.594763075185944,1.686003506987489,-0.0016735087579942385,-0.8616728519912152,1.8954370365720252,-2.049172290461055,1
0.40852518414664396,1.4951672595561925,1.4076164989347357,0.41930785479559357,0.06525375478283783,1.617050752922166,0
-0.48876284395379604,1.0174664532331277,-0.8021224484336399,0.19704094535366448,-1.304989301678807,0.47456751566727906,0
1.2416319368736621,-0.22260887067803423,-0.028873785546509455,-1.0603330506980768,-1.7464518282023858,0.9102632451973534,0
-0.78032011592796,0.40014845651649333,1.6695803531100264,-1.680668307568069,2.114440683248528,1.8595504733136945,0
1.4317070222009396,0.49410417408476826,-0.7943758604701225,0.35776122389856496,1.0119137905885518,-0.2804445705985939,1
-2.755544165339023,-0.7561916485531142,0.013129083827682488,1.2719907006215536,1.167159986722883,0.049361690154395316,0
0.8980625490719214,-0.047702385735544424,-0.526546164468922,1.6896814728200595,1.0133162922352432,-0.19983831783455228,1
-0.2885619357036397,-0.1496462833981409,1.091037694623804,-0.09894997848889617,-2.569008537077057,0.46516166276369003,0
-0.05118272248817205,0.7163478895476102,-0.33657711174351646,-0.6023216336821207,-0.7820782084678044,0.7382948907391469,0
0.4822346935630674,3.1498204951651556,-0.23628104580420067,1.4782665613178945,0.4430157556082544,-0.2596954075928942,1
-0.2230879284873737,1.8134381158736559,0.5908295288226413,-0.14611799949165175,2.0774919100275397,0.8052543651560684,1
0.5722944627231855,1.1511723584538525,0.9399599151384638,-0.20884534959211967,0.7828426706514632,-0.4553946788836658,1
-1.1025764687456039,-0.10153153181441409,0.2198591538982977,-0.14605592970621536,0.588491913395461,1.132991628434173,0
0.42518249648290707,3.147858420216379,0.603488271384029,-0.16117065232719013,0.22854685820370824,0.8722570786274763,0
-0.7696897952555181,-1.1279894074170227,1.3141929287474323,0.4103122255542803,-1.2052817228871628,-1.055330879836464,0
-1.5605293751926455,-0.30492134527891507,0.5811122794875355,-0.029992268672071342,-1.2444820555324025,1.058096489189565,0
0.4579705549828813,1.0510253722264162,-1.0864112212918773,1.2768479979715142,0.24680249518343422,-1.0901677704380306,1
-0.08591849587023836,1.0568976958376342,-0.5752209300772905,0.2565687616701791,-2.4263962134053636,0.3352284245924828,0
0.9570005775943369,1.659360311234334,-1.0338658043770266,0.15099607049130429,0.3866479744577141,-0.8272107444966473,1
-0.15184012805793679,0.08394903792682604,2.5889786605824847,-2.757136388300046,1.2766099669759017,0.6027272871381051,0
-0.12990106695861153,-0.34450061087603373,-0.06165608970274629,0.0728100201658576,0.8922296136355735,-0.0953280774024503,0
-0.6724634585490201,0.14143646389411463,-0.13696716538809,1.497426725634437,1.09076782140658,-1.4882532386035616,1
-0.34169902845916317,-2.0164313532538696,-0.9299858264723734,-1.2008373833588672,-0.17465082322525566,-1.2901996208896078,0
1.145928616234303,1.1298990498063635,-1.1165439880072663,-0.7393260030466232,1.1351660464725493,-1.4301787448714964,1
0.6666993553177214,0.5937413260345062,-0.9840914313222221,1.15567770374658,1.5562490369531028,0.526567272333564,1
-0.5693267478466708,-0.674968080796997,0.97643187042468,-0.6691685819443075,-0.9359279131333104,-0.5436818160485068,0
0.897157511165922,-1.4308478080896783,2.229062454501612,1.1183647081236001,1.8155889450538172,-0.4579526760887653,1
0.42897941175380866,-1.68236943028811,-1.677407703893704,-2.066734407047291,0.05557453748413862,0.7457450170332641,1
0.29585269366944184,0.43156463867080175,-0.5050101337224362,2.1069751586876455,-0.13906009233434458,-0.7056020422179741,1
-1.223693421790875,-0.2243789326629422,-1.91462370562757,0.7986350315612477,1.7584892742967506,-0.35701367340636647,1
-0.3664314175510591,1.112536078189869,0.044235953670775256,-0.586155613765367,-0.9239088408139012,0.8539029901137803,0
-0.7597673434318115,1.0843031878701763,-0.9985944963463954,-0.8092186817972968,0.2847391897937747,2.0299971230612908,0
0.4448375340791396,-1.4761317623959087,-1.8978971710616013,0.8314988256527901,-1.3963881130560876,-1.2696328726466066,1
-0.79776344193359,2.1142074847086065,0.7123362226143266,-1.8337992501606786,-0.8193213229135305,0.690957749393855,0
-2.167804980520997,-0.5452184124039811,0.04194624320734991,1.6114221006130163,-0.5079341517869802,0.7354092171154533,0
0.4195387487317403,-0.4484059129591129,0.4360536937747792,0.22474221096542527,-1.1469735506436922,-0.7628127902037145,1
0.571770727269737,1.9592028104693606,-2.109302865558957,1.0580772270482246,0.17892554762453364,0.9791198564122245,1
0.5455524401181175,2.399512630904707,-0.8509553610049317,-0.8861378980435126,-0.3095863787550194,0.01907031698613406,0
-1.2523592867569528,1.2106864747357393,-0.009849575474667202,-1.5186396967004927,-0.6379946496407605,0.7005139287187903,0
-0.8742970888434272,-0.173042101889599,-0.23766194666858984,1.0057732200288494,1.6399196655291257,-0.01392367504647286,0
0.41433029475491434,0.8191766200762957,-0.904409629207813,1.5542342889557206,-1.6176404861832678,-0.868148735197701,1
-1.4057659797287652,-1.0063959858437954,1.9312510923444128,-1.1407297261588394,0.5743246966233487,-0.800943002410627,0
-0.6717963116312591,-0.5832602148837731,1.7634458152864192,-0.40467504912891733,-0.20935090434911957,-0.6213713055576918,0
0.952961763109275,0.42317587400541723,-0.341490276872871,-0.14300497474384977,1.5996143369175733,0.07868542453950927,1
-0.4468164797310047,-0.5032739707265279,-0.035244485030946356,1.1375829265748483,-0.2733751154532367,-1.1816511745355815,0
0.03204767807012521,0.639145198445068,0.7113083877075764,-1.0051472208199852,1.1846135531458903,-1.6036540122812055,1
1.6559849094888328,0.14508574377726352,0.579036881457823,0.8873156435796391,-0.8896288650162244,0.8396568808001089,1
0.24632936101802902,0.14501272930253867,0.9458878884988929,1.2691369745319645,-1.4575693928667732,-0.4785636134064536,0
0.6503938039528834,-0.6773657245125863,-0.29428573479906256,-0.5883842704763359,-0.01574730920301884,0.3937296746018067,0
0.6852427074639783,0.25902233660400104,0.05591810448332844,0.5365702646311674,-1.5060749615839348,-0.3014791404710186,1
1.1064079628443388,-0.8291457533397273,-0.9994263245043687,1.760345582119623,1.2325298563886766,-0.4080018597344568,1
-0.31496911370029895,-0.34521458063063426,1.6498586889262157,-1.319399060890474,-0.36501651215112335,0.8389546590356198,0
0.2878846497874355,0.8531322305061257,-0.4835050832189794,-0.11242943174475141,-0.922764314593704,-1.4451018010198242,1
-0.4355918732766858,1.1731638026056364,-1.5934098260408756,-0.5393186262118667,-0.6488408171411039,-0.2197287505912739,1
0.4008902240148852,0.09390244862447861,0.45943402047209925,-0.3439140270535078,0.29444576219258956,-2.6323673427771976,1
1.8315729999445018,-0.37911019082141195,-0.7332964379488103,-1.8392798393193281,0.9157694739475127,0.6430103315929916,1
1.3054990247574862,0.34316594977997683,0.7698526801583876,0.6104980909247257,0.6066504086712794,0.2547106728914183,1
-0.20784701714328171,-0.2614706592447565,-0.14156510948316167,1.3430924628636494,0.28875849659093994,-0.7094997309032463,1
-0.5155753034500279,-0.7068445387078292,-0.5719418663370859,1.1445108117640284,-0.7881288220178517,1.522271369708775,0
1.1262949758148302,0.1586317245362706,2.0327609193975444,-1.0299763880287232,0.0059218766464588755,0.5827953479485567,1
-0.061874791242851473,-0.37885785859137283,-0.06152937515994195,-0.3814735507582301,0.07106808502867827,0.5491466012765622,1
0.9660508617044482,-1.1792561545645617,0.6000511106409807,-0.4933696346206561,-0.24656980846890542,-0.20123966473933796,1
0.620499790825504,-0.5342990824189393,0.29678721215965925,0.42732795280635716,-1.1365414717118694,-0.5203894906713898,0
-0.9874483811626303,-0.5917740039374931,0.48774393541496924,0.5737441901383521,-1.6376648523173538,0.6715557455074845,0
1.1862920304871383,0.05338250381894957,-2.2285202202075616,1.5643563910355232,0.3549846603738802,-0.5341061654195478,1
1.172273800507797,-1.623070765265129,-0.7283899741270925,1.1447649185386493,0.16742368148176698,-0.5867521678600554,1
-0.8590400950956386,0.06974146686115186,-0.30217641559705727,0.3833492046019124,2.0486760075957773,-0.9576354128848923,1
-0.32246244360956716,1.2304242869973636,0.872352120442217,1.4887219028071066,1.3776165599237813,2.2033080255005566,0
0.14384892442841296,2.1837509107836,-0.6171804812072477,1.829205411586651,-0.27530483336714473,-0.582094597359905,1
0.9498190514420726,-0.5545920077344968,-0.38071376722766803,-1.5558219156749689,-1.203717305673218,1.241859575249105,0
0.34662717374417346,-0.4169347320037832,1.6440837968953128,-1.9525249753291751,0.6390885410307313,-0.6311281658630322,1
-0.203316428161237,0.487329789853366,-0.9727034683353194,-1.8321621913328316,-0.685937042779482,-0.7607207819822775,1
-1.577905738886381,-0.6966725657368621,-1.0610166930279026,0.6431567700839721,-0.06841985504389284,0.34588669503155484,0
0.3426523835037449,-0.25047911708812315,-0.9186572261306492,1.595546478111559,0.9762272193095722,-1.0521697695367498,1
0.5282217107677931,0.023660617327449666,0.0979323374838758,-0.6455801555402658,-1.0009863189955919,-0.14337376603201185,0
-0.681074064177918,-0.9657001531938202,0.12546860518070654,1.0841423619289348,-1.524637064057933,-0.11316554427213647,0
1.5895058702358396,-0.18259592720885348,2.7474606342936094,1.3411995110330341,1.34095870432911,2.0324827147201248,1
0.6558441723703367,-2.301134216216698,0.8191295899252965,0.9283554774294673,0.361478350678958,0.7789936587277868,1
-0.25985491288851637,-1.207784649901603,0.5083921434716608,-1.166951593651373,0.9200135721634849,0.5474232301980732,1
1.1446638385836256,0.49906303143638714,-0.5406698148565829,0.6666450091724022,-0.10682986225076109,1.794847850720857,0
0.9569354575858827,0.9784517303915998,0.40293697360688685,-0.5636750627226438,-0.669808021348584,-0.5009349157463664,1
0.5163221880842719,-0.8463674927373066,1.7717127947168825,1.4824072167745155,0.6914261103212821,0.22963893744512903,1
0.7341049275058695,1.384304728007312,-0.08402784524119848,0.2703935377083827,0.8550905898396258,-0.6487388644839264,1
2.5909635647994214,0.9134095454479071,-1.8472731918859673,0.5437957408764714,3.2259412826483667,0.8444497231296153,1
-1.2086608839543282,-0.04660336974416295,-0.7814027837895932,-0.5744691968583945,-0.42638365563403924,1.645434263573133,0
0.3451769160549267,-0.008117470861920158,-1.0762503039452,1.7849248500392878,0.21100880780438802,0.040959897505240664,1
-0.3608464976986716,0.7260055778369757,-0.23491778402262267,-0.5690335248484591,0.09317128669310558,-1.746645698688213,1
0.0471814020057185,0.6846560025903814,-0.5406649566032231,1.4202873978945059,0.8167371262051679,1.3502954818980262,0
-0.3512552662090488,0.41713167265586415,-0.7775526172644669,0.7650032931450851,-1.9057477277591228,0.6888294985370105,0
0.8124496675972308,0.23383427934350243,0.6766705457759451,-1.01557755960692,1.4770012593840511,0.5587018987239815,1
0.98927363301944,-0.09898504460001191,-0.23899996291823064,-1.9630926644569453,-0.6361062004650612,0.14100186173676252,0
-0.06870793432327403,1.191515950268739,-0.5253451115931091,-2.0360130905299574,1.0504766487330548,0.032685685345711916,1
0.2474317661430175,-0.6598698145817072,-0.6655341059955748,-0.9030599874947789,0.08869944462229297,0.17864709979675097,1
0.6794146986675854,0.7264928039433218,0.9186308362932507,-0.20545889679892765,-1.2511214798660857,-1.980254502408881,1
0.20712746884542435,-0.45044949028585335,0.7287882304150352,0.9392744078087072,-0.2290652211990001,0.1991216266976117,0
-0.2096737392555406,-0.8010161678708684,1.217106701591312,-0.9067044836256463,1.4908479118507303,-1.0385544031998875,1
-0.21476178701562162,-1.3869627105113245,0.27011836046803844,-0.577703647802125,-0.46670867779301567,-1.5283549839380277,1
0.6307401885820795,0.7598870542410401,1.3840355022172632,0.3677553873336143,-0.5135291640967552,0.15263044652593485,0
2.510186978322573,0.9815512184032825,-0.513188802970864,1.400320693580179,-0.8392881115302865,-1.2621094708617417,1
0.8724662599999219,2.229981573058229,0.10290073014357025,0.09284450086247929,-0.7275499385540696,0.001743010557378305,1
-0.2311187938824845,0.10466141854872447,-1.1121948574809173,-0.35832155439438207,0.47761490960041175,-1.112426073640134,0
-0.9757386147470901,-1.741888498251724,-0.124549937881792,-0.27524093463233357,0.4961111882530879,-1.6304940681031757,1
1.0294008200296396,0.5053744627232301,0.6566038459848621,-1.127593071812192,0.2192820848464687,-0.6048711050539879,1
2.72083677371468,0.5283510388873738,-0.739471963546964,0.1879921207371726,-0.8909477454916223,2.7000273382987032,1
-0.09209551402944127,-0.06363676136224962,0.4998526368467629,-0.34995908585117536,1.0733633417750277,-1.3844892815286765,1
-0.5990352054027868,0.8737244673856362,-0.08710305648002946,-0.26929548878464726,0.3705773967420724,0.3221090445580931,1
-0.05257422434228174,-0.5014150991651422,0.2861002131830897,-0.2801606526801723,-0.6931487065057402,0.433257184205924,1
0.21611244921740763,0.15094463504971958,-1.2490207659107833,0.720012029422177,0.10339581380865094,-1.3973649042830039,1
-1.1581649308737025,0.7834798137210193,-0.7330661083111679,-0.23888538356271175,-0.7212653970957392,1.7571261880285804,0
-1.1711666856543168,1.1982630317122858,0.11035922434655711,1.6393610083790713,1.0171335403405268,-1.1223554859052787,0
0.47076457487001633,-0.5652605519727293,-0.18252402888134725,-0.9540583362299184,0.0834190426251328,0.03959348020304571,0
1.0597832423980273,-1.8634913187112787,-0.14729110105729395,1.102783593154942,0.10864578704254925,-1.3911465951546163,1
-0.26075007028006114,0.3421017065123049,-0.16159650168515755,-1.122548167842941,0.015158613597571974,-0.2879510270068249,1
0.20783403261284833,0.5980059320623703,0.1707606671861387,0.33785052401904025,0.9671430457409937,-0.5544484063481795,1
-0.5678546676606744,-0.817545730329565,0.6652531515455662,1.375497829151484,0.7743933281976799,-0.5140081243345332,0
-0.4004862088159422,-0.005307080310907162,1.2404179223445815,0.21086211572932068,-0.2446251976246088,0.24705540759532693,0
-0.9555966256403016,-0.2812161242926902,0.6880265620914557,-0.15492832549712912,-0.540624240237093,1.4063746133046688,0
-0.4025673874312394,-0.3304925708041746,-0.10558737364375434,-2.445725944478591,-0.1880012671451743,-0.30446904209540054,0
0.8598961725820504,0.44625832740341154,0.05327135098771257,0.8913170970824201,0.664498069263672,-1.6621746789999103,1
-1.0537781353239786,0.624565734464067,-1.0657151383292365,-0.633823334943992,0.6431983268957159,-0.5823221749454263,0
-0.012411986925391829,-0.8428296323582345,-0.4156898202401619,0.10498598997617299,-1.4490273350611027,-0.07959349378717183,0
-1.4082102167596764,0.6513596220302226,-0.8367409471346114,-0.027715206734757934,-0.7958771576122811,-0.4097408415168681,0
-0.8567594805000994,-1.595213723793084,0.22246947986217877,0.46135232548640437,-1.2088614498563648,-0.5613672455804906,0
0.526730103157816,-1.056392136983008,0.49181669414436463,0.17046229166300894,0.050111637472845014,0.4165904491285822,1
2.0184086194348656,0.6852214904176209,1.1885009675134017,-1.156996933665511,-0.05683562612782768,-0.8213620590191948,1
-0.0022175504560418414,0.03745008888567707,-1.3307037952207137,-1.2273827276889775,-1.0340795034863326,0.39998206468953407,0
1.802643047494575,-2.1182219574836068,0.1370940618250156,-0.5753175907508536,-0.24728412459048385,-0.38204500447152234,1
0.0075851082595522834,1.0381360162304822,0.18024202948331372,-0.3502693285515522,-0.36479232993646044,0.26813051284706313,0
-0.2867943113641086,-1.0008306417791157,-0.1727201001125587,1.502169661980075,0.40926385344721367,-1.7383647574720797,1
-1.007180109606943,-0.7798488685888048,0.4674778028193372,-0.6205711779446497,-0.9298617357629967,0.4870932810953509,0
0.09092379469433379,-2.5530871851619565,-0.8422969112918769,0.7802153652468733,-1.8675615954759852,-0.11621280647343267,1
0.25661847781104413,0.007348441372964632,1.7721291633507947,0.2939074890301897,-1.2154527770009516,0.1147043540356863,0
-0.5894409381568678,-1.6778883226871837,-1.5660781092269072,-0.6861017943406139,-0.10395120425837208,2.1770113891396146,0
0.9783248837260013,-0.2749845798049763,0.5340427865924621,-1.1327061809998376,1.4522358405297051,-1.5976524099163538,1
-0.5708349067109918,-0.5190872107749134,-0.9592112672306757,0.9115480429590269,-1.2970689871238583,1.079579523719097,0
0.6003151469446827,0.7882626699237287,-0.18004296901714803,-0.3426466217430665,1.054291725423196,-1.5805934387796179,1
0.8607647449339352,0.7138383176569723,-0.8229879000939376,-0.4276404755620832,-1.606474239355701,-0.3938403966318523,0
